index,2018年度,2019年度,2020年度,2021上半年,2021下半年,2022年度,2022年评分,2023年度,2023年评分
0,151、家电下乡送出了杨永信保证每家都能电一下。,336、我坚信世上没有鬼，直到女鬼阐述萨特的存在主义我才开始害怕,365、将两位人上人关在一起竟组成永动机,306、我二次元浓度偏低，又二又次，但没元,295、两黑帮火拼，潜伏其中的双面卧底开始打自己,365、“弥勒佛每天啥也不干就知道傻乐，他靠什么渡人？”<br>“摆渡人。”,3.46,353、被送去做绝育的哈士奇愤怒地问大夫：“割本哈根？！！！”,3.46
1,150、震惊，一油漆工因给学校抹黑而惨遭全校师生痛殴！,335、训导处报告，训导处报告，三年二班周杰伦同学，你妈妈拿了两罐旺仔牛奶要给你。,364、铁汁萌，我做的对吗？”小明在考场上拿着答题卡问周围同学,305、我投币后up主还是没能续命通关。,293、为啥有人说话要带括号，是在调用函数吗,364、少儿频道，里面不会有太多北京人参与。,3.46,352、大臣对国王说，我只要棋盘第一格放1粒米，第二格放2粒米，第三格放4粒米……聪明的汉景帝听罢，举起棋盘，一下就解决了问题。,3.46
2,149、情人节我在街边摆摊，情侣只要跳过火圈即可得精美礼品,334、落在房顶进屋送礼被乱枪打死圣诞老人哭着说再也不玩绝地求生了。,363、我失去了光明的同时，也征服了太阳。,304、时间就像脑子里的水，明明有很多，却一点也挤不出来,292、小王和Miku订婚，朋友圈文案：未来可妻。,363、这门课是机器学习，为什么要学生参加考试？,3.47,349、既然未成年人玩手机有各种限制，那不如将手机列为成人用品。,3.47
3,147、“感谢你接受我们的服务”。说完劫匪递给我张名片,332、装蒜能吓跑吸血鬼吗？,362、“服务员，我的九转大肠怎么还没上？”<br>“先生你好，厨师正吃着八转大肠呢，马上就好了！”,303、建议以后大学生回答“论文写得怎么样了？”时，别再说“八字还没一撇”，改成“水字还没一竖钩”。,291、我最讨厌那些说我嘴硬的人了，你都没和我接过吻，凭什么说我嘴硬,362、资本家让无价的生命变得无价了。,3.47,348、小明一出生就没有手，原来是注册账号时忘记领新手礼包。,3.47
4,146、王警官在与匪徒斗智斗勇后化敌为友联手将人质击毙,331、北魏孝文帝大力实施汉化，终于让所有汉族人民看到了汉化本子,361、人的一生应当有两次奋不顾身。一次是第一次，一次是第二次。,302、时间就像海绵体里的水，挤挤就行了，挤多了会死的,290、秦始皇焚书坑儒，所以他也是反孔精英,*361、上联：生生不息<br>下联：口口相传,3.47,347、相信细心的观众已经发现了，这个世界就是一坨大狗屎。,3.47
5,145、孩子突发急性流感，在诸多专家医生的奋力抢救下终于保住了全尸。,330、把前女友说成前妻是高尚行为，显得对那段感情很认真,360、组织上同意了罪犯的宽大处理，给他定制了oversized寿衣。,301、这爱豆可盐可甜因为本身就淡而无味,289、主唱和吉他手讲贝斯手笑话竟忘了贝斯手也在台上。,*360、短道速滑终点线上，韩国解说兴奋地喊道：韩国选手大宪已到！,3.47,346、果蝇对摩尔根说：“看我眼色行事。”,3.47
6,144、殡仪馆新开张V信朋友圈集满88个赞免费获得檀木棺材一口,329、最终还是没能成为你的爱豆呢。曹植面对曹丕流下了眼泪,359、拍摄《穿越火线》时演员王老汉不慎触地而死。为保障演员安全剧组改拍《穿越零线》,300、建议不要发很多弱智的东西，这个吧看起来实在太弱智了。,288、你可以在steam上找到GTA，所以水是蛋白质。,359、宿舍守则：养成良好卫生习惯；加强安全防范意识；原则上不得杀害室友。,3.47,345、地狱里全是我那些爱讲地狱笑话的朋友一定很有趣。,3.47
7,143、新闻：张无忌为练九阳神功联合灰太狼偷走羊村九只小羊被通缉,328、唐国强穿越到三国后当场被奉为诸葛亮,358、谁能想到，这张仿佛温和无害的笑脸之下竟然隐藏着面部肌肉和神经,299、CP的鹊桥断了就用奈何桥补上。,287、收银员都是一吗？为什么整天找零？,358、二维生物没有立体概念，我没有时间观念有什么问题吗？,3.47,344、“手心手背都不是肉。”耶稣十分愤怒。,3.47
8,141、女朋友上次说要***怎么她现在是反悔了吗害得我两天没喂牛,327、亚洲流行天王被曝患有几百种流行病，网友：实至名归,357、被道德绑架后，王老汉竟患上斯德哥尔摩综合征，从此爱上了道德。,298、人为什么有两只眼睛？因为人有一只左眼，还有一只右眼，一加一等于二，所以人类拥有两只眼睛。,286、体重秤是免费的查重机器。,357、暴雨中前进，伞是倒划天空的船。,3.48,*343、记者：C罗，请问是什么让你今晚落下泪水？<br>C罗：摩洛哥逼的。,3.48
9,139、大爷，只要放小人一条生路，要杀要剐悉听尊便！,326、男演员砍头戏NG数百次从群演到导演全部被砍光。,356、看到有和尚在路上化缘，他还没开口我就知道他要的是什么了，这就是要素察觉,296、祖宗最不安全的人竟然被称为祖安人,285、原来不是起雾了，是天上的云掉下来了,356、水泥建成大厦，是山的借尸还魂。,3.48,342、安检员不安地发现这个包袱响了。,3.48
10,138、中东地区医疗条件落后只能用加特林进行安乐死,325、我爷爷人老了听力不好，孝顺的我送了他一套英语听力练习,355、25岁程序员52岁的父亲不幸去世，真是白发人送黑发人。,"295、没有恋爱谈？不要慌张，学学这招：默念3,153,600,000个数，这辈子就过去了。小朋友们学会了吗？",284、会不会我并没有得心脏病，只是心脏要抛弃我这个宿主？,355、观众觉得亚军跟季军很般配，纷纷让二追三。,3.48,341、把地球倒置，我用撒哈拉沙漠计时。,3.48
11,137、宫内传言今天皇上随手翻的牌子是敬事房刘公公的,324、某人想要博人眼球，被鸣人打成**,354、“我就一个老公还有一个老婆，哪里违反一夫一妻制了？”,294、两个霓虹关西人在中国讨论健康码“红码你？”<br>“红码红码。”,283、从今天起，，做一个双标的人！！,354、男人就像路上用的钱，有的人是盘缠，有的人是细软。,3.48,340、葬身之地翻译成日文，是不是死啦死啦地？,3.48
12,136、注重养生的寡妇赵小红根据中医冬吃萝卜夏吃姜说法，决定冬天用萝卜，夏天用姜,323、浴霸打了一个响指，给全世界一半的人洗了澡,353、<br>“用三个字形容自己。”<br>“弱、智。”,293、让ntr爱好者喜欢上纯爱，是不是也是一种ntr,282、苏伊士运河急征日本公民打电话：摩西摩西！,353、这个世界对于笑话来讲是很残酷的，如果不好笑，它甚至活不到下一张嘴。,3.48,339、我有鱼鱼症，被网抱的话很有可能死掉。,3.48
13,135、著名歌手因忘记买票没能进入自己的演唱会。,322、我要不是为了能下班，谁稀罕在你这上班？,352、“连续五个虚词不可能表示否定”<br>“那可不咋滴”,292、我在知识的海洋里遨游<br>卷起来了卷起来了<br>谁把我的船打烂了,281、众所周知，益州的特产是铅，正所谓天下三分，益州Pb,352、贾宝玉因为一家公司零待遇而加入。,3.48,338、非常乐观＝绝对音感。,3.48
14,134、“这几天光下雨我身上都长蘑菇了”说着王老汉向记者撩起了裤裆,321、患有侏儒症的王老汉终于在一次酒宴上喝高了,351、经过一年的努力，我终于长大了一岁,291、熬夜只是今天没过够，向明天要时间。,280、我葬礼那天要是你不来我就不去了。,351、时间会不会是一个矢量？我从此刻出发，奔向不同的未来,3.50,337、卖完地赚了一大笔钱的王老汉开心的笑了。,3.50
15,133、王老汉转体三周半华丽入水后误碰开关最终溺死在洗衣机里,320、男子倒地身亡法官判处地球故意杀人罪将在明天摧毁地球。,350、你要是有个三长两短我可怎么蒙啊！,290、“我是free控。”艾伦说道,279、曹丞相府上闹鬼的消息传开了，瞒不住了,350、不可能里含有66.66%的可能。,3.50,334、姓名：林正英<br>性别：男<br>职务：大战僵尸,3.50
16,132、看着正与另一黑帮火拼的小弟们老大绝望的喊了一句快请如来佛祖！,319、只需服用一个疗程就能让直男变gay，不愧是归零膏,349、不用阴阳怪气的声音和猫说话也是一种成熟。,297、酒桌文化，又称丨逼丨你丨逼丨你丨干杯,278、某乎：如何评价华莱士？<br>回答：泻药,349、“时光机里有人不是很正常的吗？”小明向警方解释抽屉里的尸体。,3.50,333、当你夸别人品味好，其实是在夸自己品味好。,3.50
17,131、我花大价钱买回来的太监竟是阉割版的。,318、战场内一片祥和，尸体们都在安睡,348、初学摩斯电码的我，敲桌子与雨滴隔窗对骂。,289、如果有人批评你不够客观，那么很可能是你的观点不符合他的主观,277、只要加上人下人，内卷就变成了美味的肉卷,348、钢琴特长生因其钢琴特长无法摆上舞台，遗憾离开节目。,3.50,332、恋爱脑，是两种我没有的东西。,3.50
18,130、青龙山秘密研发战机试飞仪式现在开始，说完院长朝机头重重哈了口气,317、愿陛下托臣以讨贼兴复之效，不效，则责攸之，祎允等之慢,347、拳头朝下跳楼，和地球决斗,288、心脏明明是最强壮的肌肉，为什么大家的心都容易受伤呢,276、“康师傅。”师傅示意徒弟看他操作,347、欧洲的同性恋，岂不是白给？,3.50,331、这股市年纪轻轻的怎么一股跌味？,3.50
19,128、朋友结婚我祝他们早生贵子就让我滚出去我有错吗同性恋很吊吗,316、天线宝宝们由于违规安装大功率天线被砍头,346、梦到一个女孩子，太喜欢了，什么时候能再梦到,287、希望死后能下R18地狱,275、教皇表示十分羡慕日本这片土地，有人愿意主动把小男孩扔过来,346、周芷若离开张无忌之后就特别喜欢去内蒙古旅游，因为这里有遗忘无忌的大草原。,3.50,330、美国是个自由的国家，但既没有自己的字，也没有自己的油。,3.50
20,127、火灾现场的救援工作因受下大雨影响一再受阻,315、重金属乐队因重金属中毒，宣布解散,345、在拆弹专家的不懈努力下，终于将五个炸弹拆成了一副顺子和三个三带一,286、如果我现在死了，那我以后就不用死了。,274、意大利人为什么要用一种面食为自己的国家命名呢,345、愚蠢的我弄坏了我的车。<br>“咯叽咯叽！”修车师傅聪明地一修。,3.50,329、人类每天都盖被子睡觉，所以人类是被子植物。,3.50
21,126、嫌发廊小姐价格太贵王老汉灵机一动叫来了砍价厉害的老婆,314、福建人都有福气，因为能吃是福。,344、科学家坦言利用活植物发电的原理：用韭菜,285、冷知识：冰箱里的奶酪。,273、写论文的大学生和现充是同一类人，他们都会大骂：死翟真恶心！,344、周朴园哪怕不当老爷也能当个视频up主吧，他那么喜欢鲁侍萍。,3.50,328、科学家说地球上智商第二高的生物是黑猩猩，那第一高的是谁啊？,3.50
22,125、我觉得绝地求生要凉了，打了快一年了，一个新英雄都没出。,313、三声报价过后鉴宝师一锤敲碎了文物,343、法国工人开始思考，如果一切都停业了，那我们怎么举行罢工。,284、“我的老家，就住在这个臀，”蛔虫导游向游客们介绍道。,272、迎面走来嘴上喊着八嘎的方阵是我校日语专业同学,343、当我看见花开放的时候花就在枯萎了。,3.50,326、王老汉老婆质问王老汉：我和婆婆掉岩浆里，你跳下去先救哪个？,3.50
23,124、其实张飞刘备关羽是一个人，他精神分裂饰演3人连吴冠中都被骗了,312、吉尼斯世界纪录获得了由吉尼斯世界纪录颁发的“收录了世界上最多的吉尼斯世界记录”的吉尼斯世界纪录,342、“傻子都知道”说明知道的人有可能是傻子，也有可能不是傻子，但是不知道的人一定不是傻子,283、饱暖思淫欲，在现代叫做饿性循环,271、为什么狗仗人事而不仗财务呢？,342、我快要溺亡在平淡如水的生活中。,3.50,325、大家都说爸爸的爸爸叫爷爷，妈妈的妈妈叫姥姥，可是从来没有人告诉过我哥哥的哥哥叫什么？——叫张发荣。,3.50
24,123、填报志愿时我填了个找老婆,311、大雁飞过这个鸟不拉屎的地方竟活活憋死,341、会不会我已经死了，而大家都瞒着我呢,282、这个食人族吃相太丑了，举手投足提心吊胆的,270、每一百个人就有一个人是弱智，由此可见弱智吧99%的人在装病。,341、我和我的梦想是一对情侣，白天我压得她说不出话，晚上她压得我难以入眠。,3.50,324、人往高处走，水往低处流，人的80%是水，所以大部分人就算到了高处也还是下流的。,3.50
25,122、我刚才发现老婆出轨了，但是她每次都去的是假日酒店，看来她还是爱我的,310、考古学家非常困惑：“17年之前的坟怎么都挖不开”,340、面对案发现场留下的指纹，有洁癖的王警官将其一一擦干净了。,281、这栋死过人的屋子是死宅，死宅没有人要,269、“整点报时！”东北朋友买了几座钟表。,340、选男人就像看动漫，op和ed都要跳过。,3.50,323、既然大学生都喜欢坐后排，为什么老师不在教室后面讲。,3.50
26,121、我市多地发生跳楼自杀事件，警方排除同一人作案的可能,309、假币制造厂给员工发的工资居然是真币,339、据说戒烟可以多活十年；那么，只要不断地吸烟与戒烟，人类就可以达到永生,280、我就像海绵里的水，导师越挤我，就会发现我越水。,268、如果太阳会说话，那他说的是不是日语？,339、刘备忘了录明天的备忘录。,3.50,322、屈原投江时年62，正所谓少不入川。,3.50
27,120、我朋友偷了一个木乃伊，他说总算有厕纸用了。,308、“小东西水还挺多。”抢修人员对着喷水的消防栓说道。,338、老王得了癌症后被人冒名顶替，他将计就计，活了下来。,279、全称量词——＂∀＂,267、位于寒冷的北方，苏联不由得打了个冷战,338、食人族折磨人质是一种虐菜行为,3.50,321、奶牛的英文是cow，所以牛奶的英文是woc。,3.50
28,119、王老汉想要一个称手的武器，于是抢走了卖猪蹄小贩的秤。,307、血液在血管内杀出一条血路,337、夕阳西下，内地人已睡下。——新疆人,278、我的作业得了F，是不是就是fantastic的意思？,266、圣诞节我穿袜子，我是我自己的礼物,*337、十几年+驱逐出境，他拿的还是唐僧的剧本。,3.50,320、你不喜欢我啊，那你审美还不错的，我更喜欢你了。,3.50
29,118、手术很成功，这名近视患者顺利安乐死,306、吃下三棱镜后，王老汉终于放出彩虹屁,335、出生不久的小牛犊饿死了，原因是空腹不能喝牛奶,277、我把门关上，我锁住了房间；我把棺材板盖上，我锁住了全世界,265、刚下机测核酸，全飞机只有我是阴性，感觉自己还挺幸运的,336、西门大官人是不是有windows xp？,3.50,319、一身反骨的小明找中医做了正骨后惨遭湮灭。,3.50
30,117、鲁迅说：地上本没有路，走的人多了，就可以收费了！,305、吃惊！我高中同学居然和初中同学一个年龄！,334、DNA片段控诉网站将其显示为DN**段,276、我养成了晚睡的习惯，这样如果我在梦中死去，我就能比早睡的人多活一会。,264、纯路人，我来说两句：下场无路人,335、美式霸凌：不准加奶加糖。,3.50,318、当我宣布自己是个loser，别人却说我不是，我感觉我更失败了。,3.50
31,116、压死骆驼的最后一根救命稻草能不能救下骆驼。,304、“剪短头发的全都是一群娘炮！”公狮子说道,333、由于变种人被人类认可，X战警变成了√战警,275、荀子：全员恶人,263、既然放羊可以用牧羊犬，那么放牛为什么不用牵牛花？,334、在宿舍摆了一天，原来我是手办。,3.50,317、面对控方律师的铁证如山，辩方律师不慌不忙地使出了愚公移山。,3.50
32,115、好气啊！评委夸奖气功大师道,303、解剖结果：他还没死,332、她是不可一世的人，也是不可二世的妈妈,274、“我像t吗”<br>“你像个p”,262、我有个双胞胎哥哥，由于父母只给我俩买一个东西，所以我俩经常抢东西。后来我俩被抓走了。,332、阮经天胡一天刑天是好朋友，三天两头就聚会。,3.51,315、“我想和这个世界好好谈谈。”于是我发表了《与世长辞》。,3.51
33,114、好心男子用加特林把老人扫到了马路对面,302、见鬼小窍门：把大粪泼到自己的房间里可以看见不干净的东西,331、走路就是不断转动脚下的地球,273、有人说《博人传》好看，我不以为燃。,261、“困因困因困因困因困因！”dio口中大喊。,331、周朝分为大小周两个时期，因违反劳动法灭亡。,3.51,314、老师发现男同学身上绑了粉色的炸弹遂批评不够阳刚。,3.51
34,113、我把c盘重命名为u盘为什么还是拔不下来,301、考研的考场上小明随身携带定时炸弹以提醒自己离考试结束还有多长,330、你永远叫不醒装睡的人，但是可以睡了这个人,272、每天世界都在朝我发射一支名叫光阴的箭。终于有一天，我发现我不是小孩子了,260、图书馆就像灵堂，是寄托人们灵魂的地方。,330、吴亦凡在法庭狡辩道：“我上边是好的，是下边坏了。”,3.52,313、建立柏林墙简直就是一举两德。,3.52
35,112、为了控诉这个肉体与金钱交易横行的社会我必须去嫖一次霸王鸡,300、小红用验孕棒验出了三条杆，医生说是怀了个大队长,329、专家研究发现孩子度过快乐寒假的最大障碍之一竟是《快乐寒假》,271、梦是记忆的remix版本,259、只要大家好好学习，每个人成绩都会在平均分以上,*329、形容毫无愧疚感的人：自疚能力弱。,3.52,312、“你这太阳保熟吗？”<br>“不熟，今天是生日。”,3.52
36,111、尸体表现优越刚死半年就升棺发材,299、小明拖延症发作导致拖延症发作被拖延。,328、匹诺曹对着路人大吼：“为什么要说我姓匹奇怪！我姓匹很正常啊！”,270、我有勇气在任何人面前说爱，但是没勇气加上你的名字,258、火机里装的是什么气体，为什么闻起来有一股烧焦的鼻毛味,328、短篇小说《赌徒》<br>刚拿了工资，<br>他去了趟赌场……<br>全输完。,3.53,311、如果病毒不会通过网线传染，为什么不用网线制作防护服呢？,3.53
37,110、女朋友和妈妈同时掉进水里了，请问火葬场第二具半价么？,298、王老汉还是想不明白他的父母为什么要给他取名为“王老汉还是”,327、马德堡半球实验用了16匹马，成功证明费马大定理,269、并排坐在公园的长椅/<br>她的脸有些发红/<br>「可能是阳光太晒了吧」/<br>月亮却认为我想错了,257、绑匪要价八千万，王警官走投无路之下找来中国大妈，与歹徒对峙数个小时歹徒终于答应了50块钱放人,327、被人取笑的同时，我的笑容也被取走了。,3.53,310、会哭的孩子有奶吃，父母给孩子取名莫喊莫得。,3.53
38,109、为学生书包减负王老师抽走了小明书包里那张一百块。,297、恐怖分子手提放映机在市中心挨家挨户播放恐怖片,326、火葬场闹鬼——熟人作案。,268、如果老师把授课方式改成托梦，那么学生们的请假理由就会从起不来变成睡不着。,256、变色龙一到繁殖季节就变色龙,326、孙悟空72变，猪八戒36变，水浒传108将，会不会是孙悟空和猪八戒演完西游记演的水浒传。,3.53,308、秦惠文王对商鞅很好，做牛做马地把他拉扯大。,3.53
39,108、卖火柴的小女孩擦亮了最后一根火柴，最终还是没有把嘴中的香烟点燃,296、暗恋精卫的黄海忍不住感叹，填填的恋爱什么时候才能轮到我,325、“遭透了！”王女士到派出所报案道,267、专家称，我国存在大量单身青年的主要原因是他们都没有对象。,255、“整到的光！”匡衡凿壁偷光后欣喜说道。,324、“小猫咪，你是不是有九条命啊？”<br>“我只有一条，因为遇到你我倒了八辈子霉了。”,3.53,307、岳飞出征，百姓齐声夸赞：“暴金毙咯。”,3.53
40,107、点球大战中国队点了一个乒乓球终于获胜。,295、经验丰富的王警官经过缜密分析，终于判定被害人在死亡之前还活着,324、新闻真不能信，去年说全球最高龄老人是119岁，今年却说是120岁,266、「垃圾不落地」，我被困在宿舍床上。,254、霍比特人挥霍比特币,*323、原来新冠病毒不会传染给宠物啊，怪不得封校了除了学生都能随意进出。,3.53,306、窗户是永恒存在的画展。,3.53
41,106、本院开设无人超市，顾客进去即被做成肉酱,294、我一拳打在机器人脸上，疼的机器人大喊101010001010,323、“要不给你妈来两刀？”医生向患者家属提出了进行手术的建议,265、“忘了我吧！”知识对我说,253、耶稣因急性肠胃炎在最后的晚餐中被油大害死,322、“偷懒”就很low，“为勤劳的人试错”就很高级。,3.53,305、为什么北京人不能当程序员？因为咱们老北京人，一大早就这么溢出。,3.53
42,105、看见诸葛亮的草船曹冲不慌不忙算出了诸葛亮的体重。,293、喝了女儿国水的唐僧诞下一女。产婆悄悄问圣僧女儿美不美,322、每个上网课的孩子都是耶稣，因为他们讨厌钉钉。,264、世界上只存在一种猫猫英雄主义：那就是在发现猫猫没有那么爱你后，你依然很爱它。,252、这天底下还没有我办得成的事。,321、大师把灵异盲盒开光了，什么鬼也没有,3.54,304、色是刮骨刀，华佗给关将军放了一段黄片。,3.54
43,104、现在咬住我头部的就是美洲短吻鳄,292、“桂林！桂林！”桂林导游一路摁着计算器,321、老王逛完知乎之后说：“人均吕布，马均赤兔。”,263、因为电子书没有书香，所以电子书没有书香,251、每一个不曾起舞的日子都是24小时,320、夫妻相争三得利。,3.54,303、某全国连锁店遭受雷击竟导致全国各地的店员全被电死。,3.54
44,103、为了让救护车快速到达现场，我驾车在红灯前开了一条血路,291、西游结束后八戒偷偷把取到的经书调包成古兰经,320、所谓人间蒸发，所以人是液体。同理，灵魂升华，所以灵魂是固体。,262、他说要给我送月亮和花，所以我收到了一场镜花水月。,250、考研，又叫开卷考试。,*319、戈尔巴乔夫终于实现了他的究极艺术：自我解体。,3.55,302、梵高死后他的画那么值钱，那他活着的时候为什么不装死呢？,3.55
45,102、王老汉在葬礼中突然复活，众人合力将其打死才能继续进行葬礼。,290、为了显示自己绝不和德军同流合污，法国人开始集体缺德,319、有异食癖的小明非常喜欢吃食堂饭菜,261、社恐的我：生而畏人，我很抱歉。,249、第一个得艾滋病的人干了什么？老二刺猿了。,318、每天早上看着梳子都觉得我应该是在慢性出家。,3.55,301、既然700分能上四年清华，那我考350是不是只能上两年？,3.55
46,101、医院为了创收要求救护车出车顺便撞个人。,289、因不会写“斩”字被罚满门抄斩,318、历史学需知：即使看着很像，但书上写的不是未来。,260、餐厅生意火爆，留下太多脏盘子，只好双厨狂洗。,248、《资本论》我只看过第一章，因为剩下的要付费了,317、生活就是在米缸里种玫瑰。,3.55,300、魏延参加非诚勿扰竟不小心踢灭所有灯,3.55
47,100、讲文明的王老汉在悬崖边撒尿时自觉向前走了一小步,288、王警官一生气就用拳头猛锤桌面，破案率居高不下,317、连黑奴制度都容不下，美国也好意思自称文化大熔炉？,259、我把羽毛球打坏了，变成了worseminton,246、充电器冒充电器,316、会手语的姑娘扇我一巴掌，算不算吻我？,3.55,299、一年最后一天是12月30，所以上半年应该是到6月15。,3.55
48,099、某官员称贪污属于职业病并呼吁纳入医保,287、为防止人口增长过快，奈何桥改为男生女生向前冲,316、为了防止病人再次割腕自杀，杨医生为病人做了截肢手术。,258、入睡是豪赌，赢了做美梦，输了做噩梦。,244、太阳怎么老是围着地球转啊，就因为我在地球上吗？,315、熬夜是对昨天做辅助延长线。,3.56,298、“这个发出来要被冲的”——我劝本子画师。,3.56
49,098、刚刚被打了，因为跟公司新来的香港会计师说，“你记账吗？”,284、你这一车碎尸，我很难判断你有没有超载啊！交警无奈地看着大巴司机。,315、合情推理：既然猫的叫声是喵，羊的叫声是咩，那么狐狸的叫声是不是呱？,257、存在的星星不一定都发光，发光的星星不一定还存在。,243、什么时候能实行四天工作制啊，现在两天周末拿来加班根本不够用。,314、食人族揍你——打一食物,3.56,297、“苏联人态度为何如此恶劣？”<br>“斯大林，什么鸟都有。”,3.56
50,097、我坐在下面唱歌，成功让讲台上的老师为我转身,283、警方戴上眼镜后，发现案情越来越清晰了,314、公元前202年高祖刘邦建立汉朝，为汉朝灭亡埋下祸根。,256、如果我跳得足够高，风就会吹跑我的影子,242、送分题算不算学术腐败,313、新冠肺炎给美国造成了100万人的死亡，美国为啥还不制裁新冠呢？,3.57,296、我在弱智吧都投稿了三十多篇了，怎么导师还是不让我毕业？,3.57
51,096、“走程序还是直接喷”王老汉不耐烦地看着催公粮的老婆,282、现在的电脑一点也不环保，回收站竟然都没有垃圾分类,313、张医生妙手回春，解决了夏天过于炎热的问题,255、有些国人愿意替日本发光发热，会不会他们上一辈子是原子弹呢？,241、所有的桥都是温暖的，因为它们让河流不再难过。,312、黑夜侵犯了白天的隐私，就有了梦。,3.57,295、“我这里有些好康德”说完杰哥就拿出了精装本三大批判。,3.57
52,095、敬老院与太平间从此分道扬镳，从此老死不相往来,281、吴京拍完《不看不是中国人》后又拍了《不看不是地球人》,312、去驾校学车，学了一个月还是学不像,254、我这是研究人体的论文，有70%的水分怎么了？,240、人生就像一场游戏，死亡是防沉迷,311、水流是鱼的风。,3.57,294、二十三岁的我已经是个五岁的大人了。,3.57
53,094、老婆的皮肤吹弹可破每次逛街回来都一片血肉模糊,280、曹操的身份证姓名是曹*,311、考场上我假装作弊迷惑监考老师其实早已将知识铭记于心,253、日本人体型偏瘦和人口老龄化的原因是胖子和小男孩都炸了,239、华莱士，又叫泄堡王,*310、明明银行名字前有“何难”，为什么我取个存款还是这么难？,3.57,293、前途似锦，怪不得我一个穷人买不起,3.57
54,093、每次去小卖部付完钱就跑从来没被抓到过,279、生物老师砍掉恐怖分子的恐怖组织使其变为正常人！,310、趣味分为低级、中级和高级，拥有低级趣味的同学才可以继续进修中级和高级。,252、上班了是社畜，下班了就是家畜吗？,238、由于长沙新限塑令发布，全市市民竟难以开口说话,309、你已经被困住了！王警官向嫌犯窝点投掷高数课本。,3.57,292、自从面馆使用客户端之后生意一落千丈，许多客户反应端面的时候碗太烫了。,3.57
55,092、“你们谁也别想活着出去！”歹徒冲进停尸房大喊道。,278、警官当场枪毙了柯南，日本犯罪率下降了一半！,309、西方人是欧美人，东方人是亚洲人，为什么南方人和北方人都是中国人,251、“妈妈，我们为什么不吃人呢？”<br>“傻孩子，坏掉的东西怎么能吃呢！”,237、“哥特萝莉”小明第一次女装后如是说道。,308、“我们公司的利润呢？”<br>“利润了。”,3.57,290、王警官追捕犯人时竟被对方拉黑只得作罢。,3.57
56,091、我语重心长的在试卷上写下：老师你不要老问别人自己想想,277、“恭喜你啊，你老婆是个女的”护士对产房外焦急等待的丈夫说,308、我的世界是不是也能叫一方水土养一方人？,250、天青色等烟雨，而我在等死。,236、“你也有今天。”我对日历说。,307、山东外卖小哥电话通知：“超时我。”,3.58,288、没做好总比没做好。,3.58
57,090、小红在舞台上演唱《种太阳》时，被后羿一箭射死,276、推论：长城被造出来之前，世上没有一个人可以称之为好汉,307、“我跟你拼了！”最后关头小红一声大吼，团购人数终于凑满。,249、手铐勒痕，是不是也能叫法令纹,235、既然经常盯着电脑屏幕对眼睛不好，那为什么不用纸质电脑？,306、法国人想到一个笑话，果断投了。,3.58,287、研究调查发现，魏晋南北朝的儿童早熟率比其他时期的更高。,3.58
58,089、谈判专家与绑匪谈判多时绑匪终于决定午饭要炒饭而不是披萨,275、练习倒立的小明被判为反人类,306、嫌疑人明明是带刀的，可这尸体怎么看都是勒死的啊？看来尸体另有其人,248、舍友在睡觉，我开来压路机，卷死他们,234、“大家把垃圾带走。”教授语毕，一位大学生昂首挺胸走出了教室。,305、我一直被你蒙在鼓里，所以你给我的每次打击，我都震耳欲聋。,3.58,286、商鞅说，五驹就是快。,3.58
59,088、行人闯红灯扣满十二分没收双腿禁止走路两年。,274、我市一天才连续跳级七岁就进了敬老院。,305、女生去酒吧，视线千万不要离开自己的酒杯，不然视线就会离开自己的酒杯。,247、室友都在睡觉，我偷偷把他们身下的凉席都卷起来，卷死他们,233、今日事今日毕，不毕就等延毕,304、虽然我只是个实习生，但是我已经和老员工一样完全不想上班了。,3.58,285、∵美国区号是+1，美国报警是911<br>∴中国区号是+86，中国报警是996,3.58
60,087、素食主义者的增加导致氧气含量急剧减少。,273、老王办事效率真高。上午和同事吵完架，下午就把人杀了。,304、由于很多人喜欢黑中医，导致医科类大学非洲留学生暴增,246、steam夏促了，我买这么多游戏放着就是不玩，诶，就是玩,232、成功抓捕逃犯后，王警官兴奋的大喊：“现在换你来当警察了！”,303、对于参加二战这件事，同盟国无法，轴心国无意,3.58,284、明明沉下去的是杰克，为什么有鱼香的是肉丝呢？,3.58
61,086、从小色盲的王警官扫黄行动连连失败,272、在黑心水果摊买了个菠萝切开后看见一堆家具和一块海绵,303、对店家要求温两碗酒要一碟茴香豆的孔乙己在遭众人嘲笑后夺门而出，酒还没凉他就拎着华雄的人头走了回来。,245、阿里巴巴能打败四十大盗是因为他是吸血鬼,231、小明的论文有夸大数据的嫌疑，“大数据好，大数据妙”这种话也赫然其中。,302、“我入坑的这些手办现在全没了。”秦始皇哭诉道。,3.59,282、被判了诛九族，无语了家人们。,3.59
62,085、如今造假太严重了，我买的A片里居然全都是B,271、这种倒霉事儿经王大妈添油加醋这么一说，居然变得可口起来,302、我发明出了百分之百像人类的AI，你的任何指令它都不听,244、“虎鼓瑟兮鸾<br>，仙之人兮列如麻。”,230、河水是从山上流下的，我猜是山云畔藏着一片海。,301、初次约会不要去上坟，不然显得墓地性太强了。,3.59,281、大禹治水三过家门，妻子直呼：禹治波又。,3.59
63,083、我家台灯不亮了，气得我直接致电国台办。,270、穿真鞋的人还不是相当于买了一双假的莆田货？,301、“我无雨了。”龙王对着求雨的人说,243、“你走你的。”阳关道。,229、快手上市了，投资者们激动地喊道：“快手冲啊！”,300、他盖着白布，摆出一副不想理我的样子。,3.59,280、小马过河，牛说简单，鼠道难。,3.59
64,082、一男子借钱后还给债主一堆大便，自称视钱财如粪土,269、开学时，我和同学打了一架，老师要我叫家长来，我理直气壮地说，我一个人就可以打得过。,300、我昨晚的作业全都写完了，不过它无法被看见，也无法被触碰，无法被任何手段侦测，但它就是在那里。,242、谁能想到表面上平平无奇的我，背地里也是平平无奇呢？,228、梦见男朋友是个风流浪子，还好梦是反的，原来他是流浪疯子,*298、911遵循国际惯例得塌房。,3.59,279、职业杀手通过谋杀进行谋生。,3.59
65,081、警方封锁凶杀现场后收取参观门票,268、这么多玩cosplay的，怎么就没人玩sinplay、tanplay……,299、预防老年痴呆最好的方式就是从年轻就开始痴呆。,241、大气里最多的气体是氮气，原来人的本质是薯片,227、为了不留下遗憾，我带着遗憾离开了那个地方,296、“我最喜欢绑一大哥了！”女绑匪在直播中坦言道。,3.60,277、为了增加虚拟偶像的真实感，公司决定以其名义偷税漏税。,3.60
66,080、珠穆朗玛峰下埋的是谁？怎么坟头那么大,267、拉拉队的反义词是不是gaygay队？,298、很喜欢《人教版高中数学必修一》里面的一句话：“如发现印、装质量问题，影响阅读，请与本社联系。”,240、“草，雀食。”护林员张师傅耐心地向着新徒弟讲解道。,226、每次杀完人回到寝室看着没写完的作业心里总有一种强烈的负罪感,295、垃圾桶收下了遗憾心酸的花朵，草稿箱埋葬着不合时宜的情书。,3.60,276、氧气占空气体积约五分之一，所以每次呼吸都有五分之四的概率憋死。,3.60
67,078、还记得我第一次丢人，就被投诉高空抛物,266、王老汉的新论文因100%抄袭字典被判学术不端,297、吃什么补什么，小明果断吃掉考卷获得补考。,239、人只有醒来后才知道自己睡了一觉,225、他人即地狱，所以自己待着就是天堂,294、收藏被拿出来展览就失去了收藏的本意，不拿出来展览就失去了收藏的价值。,3.60,275、现在国内的手机基本都是套壳的，能买到的猪肉也基本是阉割版。,3.60
68,077、功夫不负植物人他终于结出果实了！,265、“内存已满”，内存不满道,296、达芬奇说：天才=99%汗水+1%天赋，家长抵制高考期间开空调。,238、班房又叫牢房，为什么上班不叫坐牢？,224、资本家深入群众被当异物取出,293、冲动是魔鬼，冲不动是阳痿。,3.60,274、唐僧西行前受到鼓励：“莫愁前路无知己，天下谁人不食君？,3.60
69,076、听力考试结束请听天书的同学立即成仙,264、克林顿离开白宫以备布什之需,295、小郭非常喜爱明日方舟，为其创作娘化同人《郭敬明日方舟子》,237、路边歪斜的共享单车，是失去灵魂的上班族的蜕壳,"223、我是一名程序员/<br>我爱的女生很可爱/<br>她就是我的全世界/<br>我向她走过去/<br>对她说/<br>Hello, world",292、洗米水那么有营养，为什么不用洗米水煮饭？,3.60,273、手机每天都在我身上，我会不会其实是手机支架。,3.60
70,075、电竞大赛上，我和杨教授比赛谁能承受更高的电压,263、老王是名刽子手，时常让人摸不着头脑,294、“傻子什么都理解不了。”<br>“你什么意思？”,236、“回忆”这个词是不是“迷宫”的近义词啊，要不然我怎么走不出去,222、小王同学在考研吧已经当上了吧主，可他还没有考上研究生,291、生活充满了苦涩，可惜我吃不得苦，只能涩了。,3.60,272、皇帝晒太阳，身后产生了影帝。,3.60
71,074、“病人的腿保住了！”疲惫的医生如释重负地说道。家属看着被推出来的那一条腿，都激动的说不出话。,262、男友称自己女友太物质，一气之下将女友量子化。,293、我觉得关于郭敬明的梗都好low啊,235、吴刚伐桂，虽然桂花树永远砍不倒，但是抖落下来的桂花成了宇宙的星星。,221、Jealousy，猜忌，这个单词如何形象的记忆呢？你就想，j出门遛弯，遇到了e，又遇到了a，还遇到了l，他们四个一起走，又遇到了o，还遇到了u，之后又遇到了s，最后遇到了y。这样记忆简单些了吗,290、小黄人被电锯杀人狂切成了小黄片。,3.61,271、校长对施工队说：“让你们建校了。”,3.61
72,073、班主任因脾气太差被同学们送去了变形计。,261、阿基米德口出狂言，声称自己是全球最大的杠精,292、别活着了，会死的,234、葬礼就是人生的毕业典礼,220、你可能不知道，为了活下去，我每天都在努力吃饭,*289、与其把钱存银行，不如把钱交给我。——劫匪,3.61,270、水是万物之源，那水又起源于哪里呢？起源于水母。,3.61
73,072、主持人往嘉宾头上浇汽油，称接下来要进行一个烧脑游戏,260、海水是咸的，因为大家的汗水付诸东流,291、外行人看热闹，内行人直呼内行,233、我给了世界一拳，世界给我以风,219、我把垃圾扔垃圾桶里，垃圾把我扔在外面,*288、乌克兰能不能别花钱买热搜了，好好搞军备。,3.61,269、人类真是一届不如一届，现在的小孩都退化到需要猿辅导了。,3.61
74,071、“你一个有障碍的人，敢坐无障碍电梯？”保安一脚踢翻了他的轮椅,259、吃细胞不吐细胞核,290、仔细观察尸体的衣着后，王警官初步确定被害人姓名为李宁。,232、“不许涩涩。”干眼症患者对自己的眼睛说道。,218、医生说我还有三天可以活，我越想越气，决定不遵医嘱多活几年,287、我们注册人生的账号时一定同意了某种使用条款：我们只是获得了生命的使用权，但是却从未拥有它。,3.61,268、偷功德箱里面的钱算不算提现,3.61
75,070、乌鸦为了喝到水往瓶子里放了两斤钠块,258、扫黄行动刚开始，经验丰富的王警官就把所有违法店铺列了出来,289、报告首长，我军已占领道德高地，随时可以发起谴责,231、周敦颐因为首次采用了踩一捧一的思想而被誉为我国古代著名思想家,217、庄子：昨晚梦见我俩了，你和现实里差不多。惠子：那你呢？庄子：我是你蝶。,286、阳光洒在地上，到底是照亮了尘埃，还是隐入了尘埃？,3.61,267、我的钱只花在网游上，因为网络是把双刃剑，钱要用在刀刃上。,3.61
76,069、在老师和父母压迫下，不爱写作的小明终于养成了每天写遗书的习惯,257、进行心脏移植手术的王老汉忘记塞红包，事后怀疑医生没安好心。,288、足球已出现人传人现象,230、在过去特定时间点送花和转账的中国传统节日只有清明节。,216、我向镜中的我走去，镜中的我向我走来——即使是双向的奔赴也毫无意义,285、“我学编程都是为了你好”程序员对世界说道。,3.61,266、学土木工程的小张为了找工作，进了一个搞基建的群。,3.61
77,068、每次中五百万我都是花完再醒的。,256、师徒四人利用可乐杀精的原理一路斩妖除魔,287、“天堂制造！”普奇神父向大家介绍自己的伞。,229、用书占座和撒尿占地盘是一样的，所以占座的人是真的狗。,215、买森林木家具，是人从众心理,284、狗是不是因为吃不了巧克力所以拿屎做平替啊。,3.61,265、飞机上那么壮观的景色，居然没有任何一首古诗能将其描绘到位,3.61
78,067、皇上因怀疑太子密谋篡位而将其满门抄斩,255、九头蛇上学担心迟到，只洗了三个头匆忙出门遭同学嘲笑,286、我配了一副眼镜，但是因为把这个世界看的太清楚了，我没有戴。,228、精卫：人类是有极限的，我不做人了，啾啾。,214、“开了个好头”僵尸兴奋地说道,283、小明在自助餐厅倒果汁时遭人暗杀，只因他汁倒得太多了。,3.62,264、《蝙蝠侠大战超人》殴亨利式结尾。,3.62
79,066、我院王老汉被查出无证行医，被治好的病人将在明天午时处决。,254、地球之所以这么圆是因为月球每天都盘它,285、科学家说人的基因50%和香蕉相似。我的基因50%来自于爸爸，50%来自于妈妈，推理可得我的爸爸妈妈中有一个是香蕉,227、如人饮水，咕嘟咕嘟。,213、你又没有吃过云，怎么知道那不是棉花糖？,282、玉皇大帝被孙悟空打趴下是不是说明他姓玉不强。,3.62,263、梦里卖煎饼果子，纯纯的脑摊。,3.62
80,064、洋奴看到有人出洋相立刻下跪认爹,253、弱水三千，只取一瓢。重水两万，能造原子弹,284、哪吒的风火轮坏了一只，于是他踩一捧一,226、一想到流逝的时间心里就很沉重，可不可能心脏是种能感受时间的器官,212、沿海的人吃海鲜是吃个新鲜，内陆的人吃海鲜是吃个新鲜,281、重庆大学怎么天天都有重大新闻？,3.62,262、善用短语可以凑字数，比如说比如说，还有就是还有就是，以及以及。,3.62
81,062、“一起死吧！”残忍的恐怖分子拉住特警队员当场拜把子,252、本场谋杀案使用了设置悬念，激发读者阅读兴趣的作案手法,283、“我之前有个同学从楼上掉下来摔死了。”鲁豫：“哦，严重吗？”,225、人要读古人的作品，龙也要读古龙的作品,211、游客走在断头路上，问导游，“我想去这条路能不能导下？”导游说：“不连续必不可导。”,280、Angelababy的孩子要生下来必须脱颖而出。,3.62,261、为了让舰队内部铁板一块，麦克阿瑟将军把战舰拆的就剩一块铁板。,3.62
82,061、朋友说他会讲段子，我一拳就重重落在他裆部，我才是真正的断子手。,251、上帝说的话被河蟹了，于是天空中就有了星星。,281、为了使两个聋哑人停止争吵，院长关掉了灯。,224、楚门的世界是不是特意拍给我看的，让我相信我不是楚门？,210、想把今夜的月色穿在身上，于是我赤裸着走上了街头,279、肚里真有墨水：拉黑了。,3.62,260、把一小块玻璃渣子刺进肉里一直不取，这样就有东西会疼你一辈子了。,3.62
83,060、暗恋一个女孩很久了今天情人节想鼓起勇气砍死她,250、男子暴跳如雷被电母相中,280、“很抱歉，我没能挽回他的生命。”医生一边这样说着一边来了一个后空翻，“不过没事，我已经给他整活了。”,223、人生还是很简单的，看我一命通关。,209、我经常失眠，因为在梦境里我无法逃避,278、国际足联盛赞卡塔尔世界杯是有史以来最新的一届世界杯。,3.62,259、今日割十城，明日割五城，日取其半，万世不竭。,3.62
84,059、怎样说服领导在文件上签字？再过俩小时就要把生死簿归还阎王了,286、暴雨橙色预警是要下芬达的意思吗,279、要抓住一个男人首先要抓住他的胃，王警官苦练厨艺终于抓获嫌疑人。,222、我至死是活人,208、食人族点外卖，半天外卖还没送到，酋长问点了什么。“戈多。”,277、每个人是不是都在说着长达几十年的遗言呢？,3.62,258、秦始皇东巡偷偷带回一车咸鱼，为掩盖臭味竟果断猝死。,3.62
85,058、王老汉路边捡到一沓冥币，路边坐等撞死后享福,249、当你看到这封信的时候你已经看到这封信了。,278、未来的学生会感谢我们把这么多历史大事都放在一个好记的年份的。,221、为了您的生命安全，请勿自杀。,207、王老汉忘了给手续费导致无手可用,276、每一个梦都是仅自己可见。,3.62,257、“请用‘大人有大量’造句。”<br>“和大人有大量财富。”,3.62
86,057、这位同学眼保健操对屁眼是无效的请不要脱下裤子。,248、狮子王辛巴是中国的吗，美国的姓氏里没有姓王的吧,277、“爸爸，减法是谁发明的”<br>“侯德榜”,220、“我爱你”只是一个人卑微的请求，两个人的浪漫是剩余在沉默里的吻,206、人们寻找安静的图书馆，为了集中注意力，却戴上了嘈杂的耳机。,275、我用的不是智能手机吗，为什么能刷到弱智吧？,3.62,255、陈睿和商鞅，真是旱的旱死涝的涝死,3.62
87,056、小明因为家暴被告上法庭，当庭被判为国家散打队一级选手,247、“不要再打啦！你们不要再打啦！要打去练舞室打！”广场舞大妈站在篮球场上说,276、“抱歉，占用公共资源了。”老八在公厕里发文说到。,219、晚上睡不着觉，我妈告诉我，躺平了才能睡着，卷着是睡不着的。,205、小明冬天舔铁门舌头被粘住，小红读了一条热门新闻将其解救,274、情商很重要，但是你们不重要。,3.62,254、美国登月当然是真的，如果美国登月是假的，那为什么我们登月的时候没有看到一个月球原住民呢？,3.62
88,055、阴间新闻：孟婆汤效果太好至今没有顾客付钱,246、我方间谍成功渗透进敌方内部给敌人造成不小的渗透压。,275、“上帝死了。”尼采说着，把顾客埋了。,218、食人族们吃着夫妻肺片，纷纷感慨：“这cp也太香了！”,204、妈妈做的面我可以直接吃，方便面却还需要自己泡，真不知道到底方便在哪儿,273、上海的黑人是不是也叫达克宁。,3.63,253、薛定谔的猫死于开盒,3.63
89,053、程序员专业考试第一题：请考生在三十分钟内完成猝死。,245、镜头一转，小鲜肉演技炸裂，拍摄现场一片血肉模糊,274、“为什么up主总喜欢在视频里打广告？”<br>“因为恰到好处。”,217、如果星星符号（****）代表着脏话，那么夜晚的天空就是天使们在骂街。,203、但凡吃了一颗花生米，肚子里就多了一颗花生米。,272、成年人的沉默都是悄无声息的。,3.63,252、伟大的沙皇陛下走进大殿，一众大臣欢呼：“看，大沙陛来了！”,3.63
90,052、国足队员俄罗斯勇夺世界杯被警方扣押。,333、我丨国特别成立的反诈丨骗特别行丨动组在打击多个密丨集诈丨骗窝丨点后竟顺便解丨放丨台丨湾。,273、现在的美国人，也叫殴尼酱。,216、“我年轻的时候是白手起家。”满手鲜血的老资本家自豪地回忆道。,202、灯塔是陆地的诱饵,271、上帝七天都能做个人了，调休七天不能做个人吗？,3.63,251、张老汉耍流氓被流氓告上法院,3.63
91,051、请犯人选择心动法官,244、我不是懒，我只是不好意思麻烦我自己。,272、武松过景阳冈，打一动物——老虎,215、公司的水太深，所以上班才会摸鱼。,201、发呆是在阅读空气,*270、天庭划分风险区域<br>姜子牙公布封神榜,3.64,250、有没有一种可能，情敌其实不是敌人，而是同好,3.64
92,050、王老汉残忍的把老年大学班主任活埋了，只因班主任要见他家长。,243、二元一次方程，方程太随便了吧,271、对不起老婆，我们结婚这么多年都没有孩子都是因为我是穷鬼和人类有生殖隔离,214、霍格沃兹的学生被规定每天晚上按时观看《今日说法》。,200、一是1划，二是2划，三是3划，所以有没可能五才是4，而四才是5呢,*269、现在的娱乐圈真的挺不容易的。,3.64,249、饭后百步走，作诗十四首。,3.64
93,049、不想再单身下去的我去庙里求菩萨。菩萨拒绝了我的求婚。,242、撒入大量生石灰后，水军瞬间沸腾了起来,270、我在春天买了一台风扇，这样夏天它就能吹出凉爽的春风了,213、做过最美的梦，就是忘了失眠,199、李白点奶茶，绣口一吐就是个半糖。,268、林黛玉是不是没有树枝，因为她经常说葬花。,3.64,248、既然高考是看排名的，那大家为什么不都考0分呢？这样人人都有大学上了。,3.64
94,048、火云邪神苦练多年，终于将蛤蟆功练至顶级并成功产下8个小蝌蚪,241、大家好，我是新来的小树苗，请多多光照,269、小女子无以为报，唯有来生做你🐴,212、初中的电源没有内阻，而高中的电源有，这是不是科学的倒退,198、小知识：人在死亡后可以不吃不喝很多年。,267、贞子从老王的电视里缓慢地爬出，老王惊恐地大喊道：“我新买的电视怎么掉贞了！”,3.64,247、年轻人时间不要总放在游戏娱乐上，去中个五百万对自己的提升真的很大。,3.64
95,047、博尔特这个窝囊废跑100米十秒都坚持不了。,240、天庭召开破除封建迷信大会，宣称世界上凡人是不存在的,268、四川爽身粉又名宝宝巴适,211、时间就像海绵里的尿，能挤但我不愿去挤,197、老妈经常对我说：漂亮的女孩子说话不可以信；所以老妈说的话不可信，漂亮的女孩子说话可以信,266、上天堂后不见上帝，问天使：“主不在乎？”,3.64,246、因为不满职场上人人都戴着面具的工作氛围，潜水员愤而辞职。,3.64
96,046、天子犯法，当与庶民同乐。,239、“小红乖，用英语跟阿姨说再见。”<br>小红：“英语。”,267、太阳发烧6000度被隔离在1.5亿公里外,210、导师批阅学生的论文时突然晕倒，事后人们得知他有深海恐惧症,196、“我承认这次是风抱住了我。”跳楼的王老汉说道。,265、为成为千古一帝，嬴政改名为A秦始皇。,3.64,245、肥胖的法老去世了，大家很难绷。,3.64
97,045、道士大怒，网上真匚人匚发匚牌并不是真人,238、寿衣——老来这一套。童装——少来这一套。,266、我在湿滑的地面上小心地滑。,209、我从耳机盒子里拿出耳机戴上，会不会其实我也是耳机盒子？,195、李华的英语试卷因出现个人信息而作废,264、“这家店很实惠，三个人才两百多”——食人族探店评论,3.64,244、女装男也是一种男装女,3.64
98,044、高考期间，王老汉给儿子当枪手，没想到当场击毙十几个监考老师,237、在春天栽了一个跟头的李老汉，到了秋天跟头一个接一个,265、今天天气好热，就要中薯了。小明走进麦当劳时说道。,208、抓耳挠腮是用来形容猴子的，所以抓耳挠鳃是用来形容水猴子的,194、王老汉拉了一卡车葡萄，一个急刹车后车里竟只剩一个西瓜,263、成为植物人的我已经和你们有一层可悲的厚细胞壁了。,3.64,243、梅侍萍：“我怀孕了，孩子是你的。”<br>周朴园：“侍萍不能劈，所以是真的。”,3.64
99,043、功德箱里的钱莫名减少，方丈称是佛祖抽成百分之五十,236、食人族族长患上了败血症，其儿子表示会抓几个柠檬精来帮父亲补充维生素c,264、“你真厉害，要我大气都不敢出。”<br>“没办法，宇航员嘛。”,207、陆羽接受拜访时谦虚地说道：“哪里有什么天才，我只是把别人喝咖啡的时间都用在喝茶上了。”,193、李外卖由于违反学校禁止叫外卖的规定被开除,262、史书上怎么老是记载皇帝把人踢死了？,3.64,242、我室友玩文明6时说脏话，那他还是文明玩家吗？,3.64
100,042、得道高僧王老汉在新浪总部做法，某明星一夜流失数十万僵尸粉。,235、“你们这是叛国！”科学家大骂：“为什么我国呕心沥血研发的导弹竟然要用在别国身上！”,263、朋友都以为我有超能力，可以预测未来的坏事。其实他们不知道，我的超能力是诅咒啦。,206、女大三，报考研班,192、研究表明：睡觉可以有效治疗失眠。,261、“这是我推。”屎壳郎指着粪球骄傲地和大家介绍道。,3.65,241、古代人上交粮食来抵徭役，算不算一种麦当劳。,3.65
101,041、我好心好意骗你，你居然不相信,234、点心师凭借做花卷的特长，高考加了750分卷面分,262、普通人喜欢把植物的生殖器用来示爱，那植物人会不会把普通人的生殖器用来示爱？,205、吕布被俘后要认曹操为义父。<br>曹丕：你这个弱智没有自己的爸吗？,191、我前脚刚走，我后脚就跟上了,260、宝莲灯，又称：二舅治好了我的精神内耗。,3.65,239、我睡前锤了两下我的枕头，现在不敢睡觉了。它是个记忆海绵枕头，我好害怕它记仇半夜起来给我两拳。,3.65
102,040、每到清明节我都会遇到一些有趣的灵魂,233、叶问被打的浑身是伤，变成了时间。,261、我的词汇量不仅匮乏，而且匮乏。,204、孟子认为性本善，荀子认为性本恶，而东北人认为银杏这种东西是逐渐发烂发臭的,190、低情商：恶之花绽放的土地；高情商：今夜我们都是美国人,259、对6点闹钟的心里话：“你要这么响，那我也没办法。”,3.65,238、耶稣为什么不伸出手掌为肯尼迪挡下子弹？,3.65
103,039、在本店吃死的顾客凭小票隔壁棺材铺九五折。,232、牛头马面听上去好香啊我以后下地狱也要点一碗,260、资本家看到未来的花朵：呦！韭菜花！,203、太监抑郁了，因为他的emoji表情没有ji,189、怎么，清华真就人均985呗？,258、讨厌新冠时期的爱情，这种不解封情。,3.65,237、“女士您好，您点的青山惊梦、金桂摇香、云间烟火、丝绒夏光、白鹭微霞、健康膳食溶液、清凉快乐因子，冬日的第一杯初恋好了！”<br>“老板，你做错了，我点的去冰！”,3.65
104,038、爱国尸体拒绝乘坐日产灵车,231、家里用黑白电视的小明至今看不懂葫芦娃,259、狗比人聪明，因为狗能听懂人说话，人却听不懂狗说话,202、梦是眼皮里的壁画,188、我在网吧能上网，为什么在弱智吧不能上弱智？,257、以下内容可能会引起（bushi）,3.65,236、我从1一直数到了10000都没有发现两个完全相同的数字。,3.65
105,037、这表号称电池比人的寿命还长果然第二天我就死了,230、今天雨，出门请带好雨具；明天晴，出门请带好阳具,258、考试考得好的人成绩一般不会太差。,201、我是一名洗晚工，每当接近天亮时，我就会把夜晚洗去。,187、我躺在一大片花海的中央，期待着被溺死于花儿的芬芳。,256、现在好莱坞电影又要有LGBT，又要有少数族裔，太麻烦了，干脆直接定个指标，叫基尼系数。,3.65,235、神庙屋顶漏水，永远滴神。,3.65
106,036、毕业那一年，为了操到那一个人，我哭着操遍了全班。,229、草民斗胆，请皇上驾崩,257、这是《协议协议》，签了它，以后所有协议就都视作你已同意了。,200、一座山最多可以容纳五个人，因为三人成虎,186、让皮诺曹说光是粒子，它的鼻子会怎样？在宏观上变长，但在微观上不变？,255、入狱三年，我好像陷入了囚徒困境。,3.66,234、我要睡进安检机里，看看我梦里到底有什么危险东西。,3.66
107,035、江洋大盗王老汉从来不敢偷茶叶店，因为听说茶叶店有聋警察,228、别害怕，我们家丧尸不咬人，他跟你玩呢,256、“一想到你我就哦哦哦哦哦哦”公鸡对着太阳说道,199、老王擅长砍价，于是他将二氧化碳砍成一氧化碳中毒身亡,184、拉屎是什么很稀罕的事吗？为什么每个过马路的人都要看我一眼？,254、毕业生太多导致就业困难，新生儿太少导致人口下降，那么让毕业生去当新生儿不就可以解决问题吗？,3.66,232、白骨精头疼是看骨科还是脑科？,3.66
108,034、外星人：你们地球人里除了那个叫马云的其他人长得真T匚M匚D寒掺,227、“自己做的干净卫生😊。”制毒团伙微笑对警方说道,255、跌落神坛上供着跌落神,198、人类高质量男性的惯性会很大吧,183、做什么事都积极不起来的抑郁症小明被要求积极配合治疗。,253、你喜欢吃火龙果？好巧！我的表也八点了！,3.66,231、孙膑出门，但足不出户。,3.66
109,033、鹅害鹅州的鹅为什么要害鹅？,226、治好了多年的失眠，高兴得睡不着,254、第一次吃这种药死掉很正常以后就不会了,197、逆转录酶对mRna说：反转了，家人们,182、“人家才不是二次元呢”x²哭着说。,252、男人过了两百岁，就不要穿活人的衣服了。,3.66,230、小明住进凶宅却遇到了灵魂伴侣。,3.66
110,032、法官最终将被告人的老婆判给了自己。,225、桥本环奈听起来像一个化学药品,253、有什么心里话别憋着，说出来让大家伙举报你,196、奉行狼性文化的百年企业终于把员工驯化成了狗。,181、赤道那么暖和，为什么不给我们北方修一条？,251、小明为了出道成为虚拟主播苦练虚拟语气。,3.66,229、女娲对着天上划过的流星许愿：“别有洞天。”,3.66
111,031、经过反复的调解和协商，恐怖分子同意只炸大楼的下面十层,222、恐怖分子加氧气点燃，发生置换反应，生成恐和氧化怖。,252、某流量明星因公开辱骂黑粉被批种族歧视,195、人酸了的时候通常会眼红，会不会眼睛其实是pH试纸？,180、很多明星都有后援会。我不一样，我运动完后缓会,250、本科生都烂大街了！由此可得本科生具有腐蚀性。,3.66,228、安禄山老是向唐明皇敬酒，皇帝笑称：“胡人总灌君。”,3.66
112,030、辩论大会上唇枪舌战，王老汉还来不及反应，就被正方选手舌吻到高潮,221、我这条命，可以说是我妈给的,251、由于只能上网课，校园暴力也积极转型为网络暴力,194、“献丑了！”大喊一声后我摘掉了口罩。,179、表演话剧，小明一人饰三角，小刚一人饰椭圆。,249、我方律师要求证人证明哥德巴赫猜想。,3.66,227、月光其实是反射的日光，所以想白月光本质上还是想日。,3.66
113,029、抗日奇侠怒撕日本地图，日本当场灭国,220、根據牛頓第一定律，我推算出本次世界百大物理學家排名，愛因斯坦只能屈居第二,250、“玩具声音太大怕室友听见怎么办？”<br>“你不会叫大声点吗？这样室友就听不见了啊。”,193、一只猫摔个半死，到底是剩8.5条命，还是剩4.5条命呢？,178、化学老师对我说：化学就是现实的魔法。所以交化学系女友是不是约等于和魔法少女谈恋爱？,248、<br>错选土木，生活水深火热，命里缺金。<br>混账东西，一生走南闯北，啥都不中。,3.67,226、敌军来犯，一群书生商讨御敌之策，有人建议在敌军必经之路上埋下伏笔。,3.67
114,028、过期了的杀虫剂是更毒了还是不毒了,219、为了震慑孙悟空，玉帝当众杀死昴日星官。,249、河水真的在一直流淌么，它会不会趁晚上没人看到的时候偷懒,192、向日葵能否成为星际时代的指南针？,177、先别说话，再别康桥,247、招聘体育老师，要求：体弱多病，无上课嗜好。,3.67,225、只有斌斌遵守了规则：玩累了就睡觉。,3.67
115,027、缴械不死，于是匪徒就这样获得了永生,218、“我怀疑你在开车，但我没有证据。”副驾驶上的盲人王老汉对司机说,248、监听犯罪分子谈话三十秒后王警官的手机突然静音，要求开通会员听完整版。,191、小孩没有钱就只能回家，大人没有钱就无法回家。,176、蚕宝宝对摊主说到：我要变态辣！,246、刻意突兀的转折并不好笑，同理，玩也是王字旁。,3.67,224、高考出分了，想咨询各位学长学姐平时用什么方法提纯铀235呢？,3.67
116,026、苏炳添拿了块100米的短跑金牌，我就没见过那么长的金牌,217、会气功的人，运气都不会太差,247、吾十有五而志于学，十六号考试,190、我的论文答辩：无实物表演,175、呦呦呦，这不洛杉矶吗，几天不见，这么LA了？,245、小品里的家庭都有这儿那儿的矛盾，为什么不请一些没矛盾的来演？,3.67,223、房东把房租给我，为什么不把房租给我？,3.67
117,025、當我們擦肩而過的時候你绝不会想到其貌不揚的我竟然是豪华黄钻,216、女友称我的银行卡太好看忍不住二刷,246、同学们从这句“雌母手中线”可以看出自唐代起就有了不要男妈妈的传统,189、委婉骂人：带你入坑地球ol的玩家退游了,174、为什么炫迈不请特斯拉代言,244、现在的初中生连他高中老师叫什么都不知道。,3.67,222、经过一番调查，王警官终于在被害人身上找到了属于被害人的DNA。,3.67
118,024、去医院做检查，医生拿着化验单说，亏你来的及时，再晚点停尸房可就没位置了。,215、三个臭皮匠顶诸葛亮，诸葛亮很舒服,245、老师：请用“布置”一词造句。小明：你不知道谐音梗扣钱吗？,188、我炸书，周围就会充满了知识分子,173、“快点拉出来吧！”是一个祈屎句。,242、小明揭开了公司的黑幕，导致吸血鬼老板被晒死。,3.68,221、什么东西和“机”<br>“美”有关，本来有两根，后来掉了？——正确答案：双子塔,3.68
119,023、别以为你穿着衣服就能掩盖你没穿衣服的事实,214、剪动脉还是剪静脉，拆弹专家对着人肉炸弹说。,244、不倒翁听起来像是性功能非常强的老年男子,187、当雪崩发生的时候，没有一片雪花的成分不是H2O。,172、当我举起雨伞，我就不再属于这片天空,241、刚出生的耶稣被众人叫作天献宝宝。,3.69,220、人不学的下一句是什么来着。,3.69
120,022、谁能想到，看起来年纪轻轻，只有二十多岁的我，已经是两个人的儿子,213、王老汉想买彩票又不想出门，于是把2元钱冲进了马桶,243、黑人是不道德的。,186、我把電車難題简化了，现在是电车难题了,171、悉心指导学生的王老师被当场取消监考资格,240、人生就像塑料袋，装了一辈子，最后不是被烧就是被埋。,3.69,219、“你每天都在地域黑，能不能反省一下？”<br>“ok，反哪个省？”,3.69
121,021、“余生多指教！”无期徒刑罪犯刘某向狱警王教官说道。,212、不好了猴哥，门口有两个如来佛祖打起来了，吵着要你来分辨真假,242、比起段子，应该还是我的论文更加搞笑一点。,185、陈睿书法力透纸背，可知其笔力必利。,170、高楼大厦切割了天空，抬头看去，天空从来都不是完整的。,239、“人是死的，树是活的。”顺治评价崇祯。,3.70,218、灯神，我现在一米五三，想变成一米八！<br>没问题！“啪”<br>可是我没有变化啊？<br>现在是九进制的世界了～,3.70
122,020、孙悟空用武力逼迫无能的阎王政府签订不平等生死簿史称鬼门关事变,211、经过一顿暴打之后，水土不服的病人终于服了,241、经历了太多之后，特朗普改名为特朗普（已黑化）,184、医生说我智力低下是什么意思？,169、老马识途，大马士革，小马宝莉。,238、语言暴力：( '-' )ノ)`-' ),3.70,217、开学不是37开也不是46开，而是91开。,3.70
123,019、父亲怒斥我不争气，连打起来的手感都不如别人家孩子,210、本考试是闭卷考试所有考生一律不准打开试卷。,240、“妈妈天上有个小男孩在飞，那是彼得·潘吗？”<br>“不，傻孩子，那是原子弹！”,183、死亡是人生的通关奖励,168、我写的代码因为bug过多被昆虫学家们奉为百科全书,237、我在发呆，请大家有序排队领取。,3.70,216、能不能不要开肯尼迪的玩笑了，开玩笑也要有个头。,3.70
124,017、楼下的算命先生名不虚传，他居然算出我只有一条命,209、下面我们将在烈日下用放大镜对这只蚂蚁进行焦点访谈,239、冬天我带上手套，不是为了给自己保暖，只是不想加热这个世界。,182、谁能想到，一向见钱眼开的他，竟然被金钱蒙蔽了双眼？,167、总是忍不住咬手指甲怎么办？专家一语道破：只要把不和住两字换下位置，立刻忍住不咬手指甲！,236、抓小龙虾的人怎么知道哪一只是蒜蓉的哪一只是麻辣的？,3.70,215、“他应该是不想干活。”王警官指着从河里捞上来的尸体说。,3.70
125,016、师傅你能不能不要对电风扇喊“不转不是中国人”了，我试过了修不好,208、李寡妇给自己的闺女取名叫林子，希望林子大了能完成自己的心愿。,238、我发现花草一到冬天就死了，而雪人只有冬天能活，所以我怀疑花草死后灵魂转世到了雪人,181、显性纯种傻丨丨逼是SSBB,166、“大人有大量，小孩倒是不多了。”食人族厨师清点食材说。,235、豪言壮语也是种状语后置。,3.70,214、美国的rgb运动，白人获得了255，255，255的高分,3.70
126,015、我挠破头也想不明白为什么我想不明白要挠破头,207、小明每天坚持给女神发情话表白，终于等到了她的回复：TD,237、《移动迷宫》系列获好评，决定推出续集《联通圈套》及《电信诈骗》,180、这道阅读题如果讲礼貌，应该会对我说谢谢理解。,165、高中生小明总是丢三落四，导致他在数学考试中取π值为0.1。,234、上了大学的我讲究点到即止，老师点名，我喊“到”后，这节课对我来说就到此为止了。,3.70,213、“杨洋这么油，刘亦菲是怎么答应和他拍戏的？”<br>“她是美国人。”,3.70
127,014、警方在一家雇用童工的火力发电厂里查出大批火力少年王,206、自从我患上了选择困难症，就再也没玩过简单模式。,236、社会摇进入西方国家，入乡随俗变成了资本摇。,179、“做个人吧！”女娲精神饱满地上班了。<br>“我不做人类了！救救！”女娲疲惫地结束了一天的工作。,164、活到老学到老，我不学，所以我不会老。,233、“你好像来到了我身边该怎么简洁地表达？”<br>“你若至？”,3.70,212、出院那天，我的心理医生告诉我：没钱别找他聊天。,3.70
128,013、可恶的敌人把我军辛苦布置的地雷全部踩爆了。,205、伴随着众多科学家的倒数声，长征六号被送入老铁的直播间,235、小明复姓小名明复,178、阎王让我三更死，我偏要两更就去；悄悄给他一个惊喜,163、“请你站在我的立场上想一想，如果你杀了人，你会承认吗？”犯罪嫌疑人向王警官解释道。,232、三个火是焱，三个水是淼，三个死是品。,3.70,211、伯邑考：你不要从别人嘴里了解我。,3.70
129,012、我觉得白雪公主之所以命运坎坷主要原因是因为身边的小人太多,204、妖精三刀下去，唐三藏变成了6个半藏,234、永动机是不可能被发明出来的，因为没有人能够永生！你怎么证明它是永动机,177、人们每观测到一颗星星，就有一个死去的人被想起,162、因为睡不着，所以可证明睡是不可燃物品,231、我怀疑自己生活在一个缸里，不然怎么会处处碰壁。,3.71,210、和尚逛漫展，化二次缘,3.71
130,011、我证明了屎是弱酸性的，因为拿ph试纸擦屁股纸会变黄,203、唉，已经快一年没有人跟我说过生日快乐了。,233、拿不出人证的老王，被法官判为猴子,176、消灭了所有圆柱民之后方块人说：这是我的世界,161、恐怖分子是由2个恐怖原子组成的，还是由1个恐原子和1个怖原子构成的？,230、你忘记一个梦，是大脑撤回了一条消息。,3.71,209、喜欢哥哥的颜值是哥哥的颜值粉，喜欢哥哥的演技是哥哥的演技粉，那**粉喜欢哥哥什么啊？,3.71
131,010、气象局发布黄色预警被扫黄大队依法查封,202、小明在邮箱取信时因寻信姿势罪而被捕。,232、女德大师因宣传“女子无才便是德”而被赞缺德,175、有人大愚若智，有人等于弱智,160、食人族要求煎饼摊老板：“多少沾点脑摊。”,229、猫从极高处摔了下来，笑曰：“命不9矣。”,3.72,208、长期不自杀等于慢性自杀！,3.72
132,009、放学后我招呼小伙伴集体玩跳房子结果7死12伤,201、“我不做人啦”食人族厨师在辞职信中写道,231、受害人手机上健康码是绿色的，王警官大胆推测：其实受害人还没有死。,174、明天和意外到底哪个先来？如果我坚信是意外会先来，没想到明天先来了，那么就还是意外先来了,159、公司就是小孩将大人送去托管的地方,228、有的函数为了求极限连下限都不要了。,3.72,206、“创”兼具了诞生与毀灭。,3.72
133,008、华佗给关羽刮完骨头发现没中奖又偷偷刮了一根,200、“你有权保持沉默！但你所说的话将打破你的沉默！”,230、小朋友放生了气球，而我放生了自由，,173、他们说我是废物，我感觉自己被物化了,158、我碰到女鬼了，就在晚风吹拂我脸庞时，她吻了我。,227、“报告老板，我们按照你的要求找到了一个得力的员工。”<br>“我就知道我们晨光有内鬼！”,3.72,205、比较早熟，在别的小朋友还在丢手绢的时候，我就已经开始****了。,3.72
134,007、“你在干什么鬼”黑白无常拉开阎王的床帐问道,199、阿鸡网购了台三星手机，坚持要给三星好评，却被客服破口大骂,229、小红分裂出了460个人格，因为太卡所以得了拖延症。,172、80人民币听起来比1000日元贵，这是因为80人民币本来就比1000日元贵,157、十年后我怀念二十年前的时候，准会想起十年前我憧憬二十年后的那个遥远的下午。,226、路易十六答应了革命派的条件，但是没纸笔，只好先做出口头承诺。,3.72,204、硬盘把数据导出来为什么没有变成软盘？,3.72
135,006、长寿村村长讲授养生秘诀：谎报年龄,198、是时候教你做人了，食人族妈妈开始教孩子料理,228、老师说我的意志不够坚定，原来我学习不好的原因是我是弱志,171、“夏天抹防晒霜时别忘了抹脖子。”说完这句话小明就自尽了,156、哪吒闹海讲了一个来龙去脉的故事,225、996的人大喊995。,3.72,203、阎王叫我三更死，但我没有去报道还保留应届吗？,3.72
136,005、修不起路的村民纷纷自寻死路解决了交通问题,197、百岁老人揭露长生不死秘诀：起名时选生死簿输入法打不出来的字,227、“多新鲜哪！”捧哏演员转行卖菜。,170、从新陈代谢角度上来说，时光倒流是件挺恶心的事儿。,155、既然“你不干也有人会干”，那么我们为什么不能把黑心企业都倒闭了，反正这些服务良心企业也能提供。,224、耶稣是有固定工作的。,3.72,202、杀我的凶手却在独自落泪，我不禁疑惑：这比杀了我还难受。,3.72
137,004、前几天去医院体检了，好开心，只花了200块钱就检查出六个病来,196、你要做自己。杀手小张接到了新的任务,226、如果长得帅是一种错，那我估计要终生监禁，因为我昨晚杀人了。,169、题目：十二生肖第二个是什么？庖丁：解：牛。,154、我曾经杀死一只知更鸟，曾经杀死比尔，还曾经杀死那个石家庄人,222、人生和番茄一样，都是二字词语。,3.72,201、“您好，我已到达约定位置，请尽快上车。”<br>“我人不在家，你先放快递柜吧。”,3.72
138,003、刽子手手起刀落，犯人掉头就跑,195、杀一个人是犯罪，杀到只剩一个人就不是了,225、昨晚梦见我杀了我自己，梦是反的，所以应该是我自己杀了我。,168、为什么有残奥会，却没有专门为我们弱智设计的数学竞赛？,153、领养和代孕有什么本质区别？<br>答：一个能减少孤儿，另一个会制造孤儿,221、最近身体越来越差了，晚上在床上躺着躺着突然就失去了意识。,3.72,200、每年死于交通事故的鲨鱼几乎为零，可见鲨鱼十分遵守交通规则。,3.72
139,002、多多被歹徒残忍地分尸杀害了，他的爸爸妈妈号召了朋友圈一起来拼多多,194、大师，您刚刚玩的是素人，所以不算破戒,223、川普大总统决定把华盛顿改名为普京,167、今天我将用这块砖头教大家如何自拍,152、“你居然不吃这套。”肯德基点餐员失落地说道。,220、马上毕业了却没学到任何东西，我还真是个傻毕呢！,3.73,199、“那个四字的流量是真的多啊！”<br>“哪个四字？”<br>“中国移动。”,3.73
140,001、祖坟冒烟被环保局查封,193、第一次相遇是奇遇，第二次相遇是偶遇,222、无神论店员对顾客视而不见。,166、我的导师和我是完全相反的人，他很push，我却很拉,151、我教给每只鹦鹉一个字，然后把这群文字放归辞林,219、五一假期的五一意思是不是假装放五天实际放一天啊。,3.73,198、网红刽子手全国巡砍,3.73
141,000、这贴得分比前十加起来都多，不过因为是长篇不参与排名。,192、“爸爸，我是怎么来的？”<br>“*你妈。”,221、柯南破案时大脑转得飞快，帮小兰把脏衣服都洗了,165、悲伤的食人族吃甜品的时候会不会撒一点心碎？,150、“所以，i是会消失的对吗？”外部环境向for循环代码块问道。,218、中国主机游戏率先进入次世代！拿到版号的几乎都是次品！,3.73,197、电影院为了给观众视觉上的冲击，工作人员开场时向观众投掷震爆弹。,3.73
142,152、小区物业为每位保安都配发了歼-20,191、魔术师摘掉手帕笼子里依然什么也没有，观众纷纷鼓掌“他变出了真正的鸽子”,220、你以为你战胜了命运，其实战胜命运也是命运的一部分。所以命运其实就是个大型套娃,164、用户FeCl2再与博主Zn互动一次即可获得铁粉标识,149、“我晚上梦见我数学大题全错”<br>“梦跟现实是相反的，所以你至少对一道题”,*217、日本首相演讲效果太差导致群众不得已发送弹幕护体,3.73,195、贾宝玉出生时嘴里含着玉为什么不取名叫宝国？,3.73
143,153、别紧张，在我这里接受治疗，出去时都很安详。,190、黄盖忘了安全词，然后被周瑜活活打死了。,219、海天盛筵上宾客们纵情畅饮总共喝掉了两万瓶海天酱油,163、“他奶奶的”<br>以上就是我对某位小奶狗的评价。,148、如果我改名叫鲁滨孙，星期五会不会来得快一点。,216、网友互飙脏话，飙到没词了，飙点符号。,3.73,194、“摩斯密码是什么字体？”<br>“线粒体。”,3.73
144,154、网球选手王老汉使用电蚊拍第一球就使对手触电身亡。,189、割破了手上的茧，为什么没有变出蝴蝶？,218、是弱丨智吧创造了弱丨智，还是弱丨智创造了弱丨智吧,162、这么早就想睡觉了？做梦去吧,147、打字用缩写的都是sb,215、上天堂，有主见。,3.73,193、“我们清清白白！”溥仪和清廷告别。,3.73
145,155、我诅咒你买骨灰盒没有调料包。,188、他宠溺地揉了揉她的头，然后把团成一团的头扔进了垃圾桶,217、犹豫要做作业还是休息的小明决定一不做二不休，竟陷入量子叠加态。,161、逗猫棒，狗都不玩。,146、雨下得很轻，因为天空也怕哭出声。,214、断人财路如杀人父母，没收孩子压岁钱的家长被王警官判定为自杀。,3.73,191、“酋长让你多做点肉干，赶快去干活。”<br>“我不干，有的是人干”食人族厨师指着不远处的架子说。,3.73
146,156、我家三代杀猪，屠猪无数，从来没有一头猪是被冤枉的。,187、黄网遭黑客攻击，SM专区全他妈是周瑜打黄盖,216、“天下最难写的就是自己的名字，王爷还年轻，让老臣来吧”李鸿章拿过恭王府花园的房产证，签上了自己的名字。,160、为了给家里续香火，我出家了,145、鲤鱼打滚的时候只要够快，就能成为驴打滚。,213、我司举办的第一届举报大赛因被举报而无法按期举办。,3.73,190、资本主义萌芽没有得到发展是因为早有清廷立上头,3.73
147,157、急死我了老婆刚出产房生了个儿子可是孩子他爸一直不来怎么办,186、为践行垃圾分类，尸体和棺材要分开埋,215、一日为师，为师就痛,159、我把时间当作被子，翻身做了个四维的梦,144、“这是我的new idea。”北京人更改ID时说道。,212、<br>由于高考分数很不理想，小明决定：<br>由于高考分数很不理想，小明决定：,3.73,189、秦始皇统一五十州之后，规定性别只有两种。,3.73
148,158、红十字会花重金请心里专家进入贫困山区，帮助当地人民顺利以乐观的心态坦然面对贫困生活,185、英国脱欧从此没抽到过ssr,214、贝爷：这是牛肉，吃起来像虫子，蛋白质是虫子的0.2倍,158、人的人性就像他的母语，每个人都说没什么好考，真到考的时候又反而没几个高分。,142、道德绑架的人为什么要绑架道德，自己没有吗？,211、考研猝死追封硕士吗？,3.74,188、车同轨方便游历，书同文方便讲学，我们儒生的好日子就要来了！,3.74
149,159、听力考试刚开始王老汉连放八十八个连环响屁一考场学生都交了白卷,184、睡意来袭，我从枕头下掏出枪准备还击,213、王警官在卖淫窝点卧底一年后喜得贵子,157、读博士的前提是研毕,141、文字太苍白，描述不出雪的颜色,210、《聊斋》一看就是蒲姓男写的。,3.75,187、蹲坑的时候突然大小便失禁了怎么办？！,3.75
150,160、金条无铜，盗之无用,183、“各位评委不瞒你们说，三年前一场车祸夺走了我的生命”,212、小时候家里困难，在别的同学都在跟父母要钱的时候，我早早就学会了从低年级的同学那里要钱,156、日记：2002年12月18日<br>天气晴<br>我可能得拖延症了。,140、只要你每天挤出两天的时间学习，你的学习效率至少是他人的两倍,209、过年福字要倒着贴，为什么不生产倒过来的福字呢？,3.75,186、本想年初一和女朋友领证，可惜民政局又没开门，只能明年再试试了,3.75
151,161、歹徒全身绑满黄片导致警方不舍得开枪,182、国家应该把拉屎冲不走的特异功能人士召集起来为防洪抢险事业尽力,211、百年树人，七百年周树人,155、职业玩家比普通玩家强，所以职业高中比普通高中强,139、范进中举后喜极而疯，这个故事流传到了日本，史称《进击的举人》,208、街头惨遭车祸。遇害者被反复碾压目击者称是同人二创。,3.75,185、上海富婆对小明说：“记得来沪上阿姨”,3.75
152,162、为了降低房价我市引进天罡地煞破坏学区房风水,181、“你看今晚的地球格外的圆。”嫦娥抱着玉兔喃喃道。,210、化学老师指着一罐锑向学生介绍道：“这是纯Sb。”,154、王老汉把两台电视机屏幕对在一起，贞子来回爬最终活活累死,138、解决内卷的方法：读书破万卷,207、“寻寻觅觅冷冷清清凄凄惨惨戚戚”，李清照这牌，能胡七对。,3.75,184、匡衡凿壁偷光，被邻居骂削壁崽子。,3.75
153,163、我读人力资源要毕业了，不知道能否胜任人力车夫这个职业,180、听闻食人族班主任爱吃脑花，同学们考试纷纷交了白卷以示自己没有脑子,209、“说说知乎贴吧微博共同点。”<br>“哈哈哈哈哈哈哈，对不起，有被删到。”,153、死亡是一种高度超过了身高的高位截瘫。,137、酒精+水可以组成恒沸物，酒精+我可以组成铁废物。,206、你们发现没，当你意识到你在呼吸时，就从自动挡变成了手动挡。,3.75,183、为了维护车祸案发现场，王老汉毅然将汽车停在了伤者身上。,3.75
154,164、趁我不在点我名算什么英雄好汉，有本事挡着我面点啊,179、科学家用了15年时间搭建时光机器，一不小心，回到了15年前。,208、女神对我忽冷忽热两个月之后我终于感冒了,151、小明请科学家给自己的钻石定价，科学家认为是0价,136、遗书就是自己给这个世界的辞职信。,204、为防止考生作弊，监考老师直到考试结束都没有下发试卷,3.76,182、每次喝塑料瓶里的水都要往里面扔石头好麻烦啊！,3.76
155,165、加入邪教后教主苦口婆心的每天训斥我不要盯着女恶魔的奶子看个没完,178、海洋污染问题越发严重啊，我看小美人鱼都黑了,207、小明分裂出404个人格，因无法访问其他人格而治好了人格分裂,152、普通人身上长老年斑，老年斑身上长老年柱间,135、因为我很双标，所以别人不能双标。,203、“等我CD好了，我屠死你们。”周杰伦对榜单说。,3.76,181、宁教我负天下人，休教天下人发现。,3.76
156,166、奉劝屋内的人赶紧投降，不投降我们就下班不包围你了。,177、普通的猫有9条命而精通计算机的猫有1001条命,206、历史是由胜利者书写的，所以整个春秋战国没人打的过司马迁。,150、天生的哑巴，是不是也可以叫初音未来？,134、初音未来的演唱会没看到她，因为初音未来。,201、为什么西游记不请唐僧本人来演呢，他不是长生不老吗？,3.76,180、新年将至，每个美国家庭都会购置来福枪祈求来年的平安好运。,3.76
157,167、养了三年的小狗才知道是当时产房抱错了,176、听说秦始皇统一中国时海军和空军零伤亡,205、土是无冕之王,149、广东人炒面，厨师是广东人<br>福建人炒面，厨师还是广东人,133、垃圾桶原来是圣诞树<br>我看到它开满了花<br>还挂了许多的小礼物,200、色即是空，空即是色。——摘自《浏览记录》,3.76,179、P和T合照，P很漂亮了，PPT吧。,3.76
158,168、对于早恋现象在我院的帮助下已有3名小学生喜结连理,175、毕业3年，在学校学的东西已经全部还给老师，学费为什么不退我,204、老王超前消费，已经在使用纸钱了。,148、“你是不是很会拆台，来表演一个”<br>“不会”,132、南村群童欺我老无力<br>翻译：南童竟在我身边,199、不熬夜加班以后怎么吃更贵的药。,3.76,177、穿戴整齐站在桥边会被人当成自杀但是如果你只穿内裤别人就会觉得你是要跳水。,3.76
159,169、许仙许仙你老婆把葫芦娃抓来了,174、现在的年轻人啊，真的没有老一辈人年龄大,203、“要一份醋溜土豆丝，一份凉拌苦瓜，一份冰糖糯米藕，一份大拌菜……”<br>“等等，你要素过多了！”,147、文字太空洞的时候，你敲敲书页，能听见回声。,131、许愿池前，我投出硬币祈求早日脱单。<br>硬币落入池中，发出“孤独一生”。,198、食人族出师表：侍中、侍郎郭攸之、费祎、董允等，此皆粮食。,3.76,176、我们把老师比作园丁，是不是因为学生太菜。,3.76
160,170、斩首101赶快pick你喜欢的选手，给他点赞把他送上断头台。,173、歌手人设崩塌砸死台下观众,202、为响应文化自信，我的世界俄服改名俄罗斯方块,146、“总有一颗星星会奔我们而来。”——恐龙对它的同伴说,130、我心底燃起了希望，就像坟场里升起了太阳,197、刚入宫大清就完了，白切鸡。,3.76,174、刘备一惊，筷子落在地上。还好此时空中惊雷炸响，机智的刘备借着雷声的掩饰，砸开污水管道爬走了。,3.76
161,171、王院长听过讲节约成功浪费了大家半天的时间,172、自来熟的小张又让食人族省去一道工序,201、他一再刷新我的底线，终于我的底线变得流畅起来,145、鉴于我们还没活多久，可知想死只是一种思乡,129、既然监狱里全是罪犯，王警官为什么不去监狱里抓人,196、“再来一条！”导演对坐在马桶上的演员说。,3.76,173、为什么医院床位那么紧张，不弄成上下铺呢？,3.76
162,172、将树拔起就能看见它沾着土的阴毛,171、年幼的皇子面对追杀来的叛军，机智地掏出未成年人保护法,200、“谢谢你们平息了战争。”<br>法国人：没什么，举手之劳而已,144、曹操：“今天下英雄，唯使君与孟德耳。”于是刘备改种豌豆。,128、高考的记得记一下自己的名字，那个必考,195、小明出柜宣言：哥本哈根。,3.76,172、王警官在抓捕行动中不知好歹，误将歹徒中内应击毙。,3.76
163,173、家长会上，老师指着一名家长对另一名说这是你亲家。,170、这碗孟婆汤，不喝不知道，一喝不知道，二喝不知道……,199、王警官对绑匪照片中眼部放大，果然看到了绑匪眼中的哈姆雷特,143、我的梦想是做一个潇洒自在的人，现在终于完成了一半，做了一个洒自。,127、杨永信，中国教育电击人。,193、您与全世界其他人都不是朋友关系，请注意隐私安全。,3.76,171、英语听力考试总是听到两个人在广播里唠嗑，都干扰我做题了。怎么能把那两个人撵走？,3.76
164,174、昨日在肯德基吃饭多拿了一张纸巾，今天肯德基已申请破产保护。,169、就像一枚硬币有正反两面一样，纸币也有正反两面,198、曹操于城楼上问夏侯惇：“你瞧到了什么。”夏侯惇说：“瞧到马岱。”,142、我妈就像一个宠物小精灵里的图鉴一样，每当你看到陌生亲戚的时候：“这是你二表姑”,126、坏掉的东西，还能修好。可是坏掉的感情，岂可修,192、给车安装了智能避障系统，现在我的车见了我就跑。,3.77,170、三十岁当爹，又当又立。,3.77
165,175、鬼门关开放第一天游客达2亿人次，地府旅游局提醒请勿随意骚扰女鬼,168、冷天，小孩子往妈妈身上挤，却被人骂：你蹭你ma热度呢？,197、“关关雎鸠”这句诗一语双关。,141、食人族吃我的时候会发现刻在骨子里的孤独吗？,125、宝剑锋从磨砺出，梅花香自薄壁组织中的许多油细胞,191、扇贝属于贝类，绝非扇类。,3.77,169、写遗嘱的时候因为拖延症错过了deadline怎么办？,3.77
166,176、为了降低考试作弊人数，校长急中生智请来了黑白无常,167、超市竟然贩卖人口，我亲眼见到好多购物车上有小孩,196、王警官对案件抽丝剥茧，成功做出一床棉被,140、每次我把垃圾扔到垃圾桶时，我都有一种大义灭亲的自豪感,124、世上本没有来去之间，阴阳人多了，也便成了来去之间,190、轻生是因为相信人会有重生。,3.77,168、公司老板果然是伯乐，一眼就看出来我是牛马,3.77
167, ,166、狙击手隐蔽大赛上第一名迟迟不来领奖，后经查证已被割草机杀死。,195、如果说阎王通过生死簿掌管世人的寿命，那他是不是可以叫寿司？,139、男儿膝下有小腿,123、每个人会死两次，第一次是没了呼吸，第二次是互联网搜索记录被翻了出来,189、可恶啊，明明大学四年玩得那么开心，为什么还是找不到工作？,3.77,167、当代大学生精神状态是真的很差，不然怎么那么多大学附属医院。,3.77
168, ,165、“我去找点零花钱”说罢这个帅哥就去了成都,194、连时髦这个词都没那么时髦了,138、一句话概括白居易的《茅屋为秋风所破歌》：破房了,122、小明因为没买VIP，被广告商判了有期徒刑15秒,188、CO₂——发自《肺腑》,3.79,166、沥青那都是烂大街的玩意了。,3.79
169, ,164、“你能不能不要走！”体育老师对着参加1000米考试的我说到,193、小明C语言学得不好，只能说点B话。,137、“好好的中国人放什么洋屁！”<br>“不能同意更多。”,121、粉丝行为请不要上升到扇贝,187、听说在云南那边吃了君子就会看见小人,3.79,165、因员工本月加班超过44小时违反了劳动法，企业将员工告上法庭。,3.79
170, ,163、“你自己掰了一千吨玉米？！”<br>“哈哈我瞎掰的”,192、回光返照，又叫死亡冷静期。,136、我走在斑马线上，来往车辆纷纷为我让行，因为我脚踏黑白两道。,120、四维生物比划道：“大概这么久。”,186、海绵宝宝参加完银趴哭诉大伙无孔不入。,3.79,164、程昱建议曹操不要小瞧周瑜，曹操说可以不要周瑜。,3.79
171, ,161、“我没牙刷了。”80岁的张大爷说,191、猫咪妈妈严厉地对小猫咪说道：“喵喵喵喵喵喵喵喵喵喵！”,135、屎对我说：拉我一把<br>我说：好<br>可它却掉了下去,119、杀不死你的东西只会让你活着。,185、学生自杀率居高不下因为没有课程教他们学生,3.79,163、说明书是书，书是人类进步的阶梯，说明书是人类进步的阶梯。,3.79
172, ,160、上课的时候小明被老师点名答题，小明说：谢邀。,190、报告老师，本次人体写真课程应到39人，实到五百八十人。,134、100℃的水泡方便面需要三分钟，那我用—100的水泡是不是就在三分钟前已经泡好了,118、我发现我的爸妈简直是天生一对，他们甚至连结婚日期都是同一天,184、设计师老王为了体现自己学过微积分，把楼梯都改成了滑梯。,3.79,162、如果屈原觉得不应该说端午快乐，那他为什么不冒个泡？,3.79
173, ,159、仔细观察五小时后王警官最终断定死者于一小时前死亡,189、懒惰是我的天性，你让我勤奋就是在性骚扰,133、吧主，有没有可能有很多人本来想和你说话，但被你当投稿发了呢一个猜想不一定对,117、“要一直看着我哦。”<br>“嗯嗯。”<br>太阳与向日葵的告白,183、弱智吧日常，字2021年，号被禁言半年。,3.80,161、爸爸说要去参加小学同学聚会，结果到场的都是成年人，现在读小学的都是成年人吗？,3.80
174, ,158、两支502扭打在一起，他们打得是不可开胶,187、警方从王老汉背包中查获数包白色粉末，王老汉辩解称都是假和平星,132、武则天：要大碑的，全唐，无冰无字,116、我家洗砚池边树，挨着我家洗砚池,182、蜀道难，吴路塞，魏道还行。,3.80,159、赫拉克勒斯看到被缚的普罗米修斯说：“想火想疯了吧？”,3.80
175, ,157、有礼貌的小明在石头剪刀布时将剪刀头对准自己。,186、投胎时能不能不服从调剂？,131、一场雨后，天空和地面互换了身份，抬头万里暗淡，足下星河生辉,115、一天一个苹果，医生远离我。一天半个苹果，医生在远离我的边缘试探,181、“我去做核酸了。”DNA聚合酶说。,3.80,158、关于鸡蛋的蛋清好吃还是蛋黄好吃，蛋白粉和蛋黄派争论不休。,3.80
176, ,156、女孩子晚上睡觉不可以盖被子喔，因为昼夜温差大会更甜,185、“我也是公知了！”这是雄蝉被同类强暴前最后一句话,130、我在看星星时会想起某个人，却又在看那个人时想起星星。,114、只要我还活着，就绝对不会让人类灭绝这件事发生,180、这次演员能火，是因为灯光师给聚光灯换上了凸透镜。,3.80,157、他们这么恨我，我一定是动到了谁的蛋糕”被追打的蟑螂说道。,3.80
177, ,155、今天是姜子牙生日，转发这条消息即可成为玉皇大帝,184、既然失败是成功之母，那这把我输了叫对面一声儿子不过分吧,129、我也想和月牙一样，把不满写在脸上,113、擅长苦中作乐的小明在高强度加班时活活笑死,179、她说：talk dirty to me，于是我只好给她说了一些韩国体育史。,3.80,156、秦始皇坑儒，为子孙后代储备石油。,3.80
178, ,154、满腹经纶的小明竟被查出有异食癖,183、小鸭子们今天体测，一开始大家都挤在一个赛道，场面十分混乱。于是体育老鸭临时决定让大家一鸭一鸭游。,128、小明这银行，能储。,112、“你是不是走错方向了？”<br>“没关系，我去的是罗马”,177、0走进gay吧打招呼：hello everyone！,3.81,155、装过屎的大肠有人吃，但装过屎的马桶却有人难以下咽。,3.81
179, ,153、色盲在妻子的帮助下，成功看到了绿色。,182、小明落选心理委员后心情低落，同学们纷纷劝导小明去找心理委员开导,126、真正的友谊就是两个人坐在一起时，不做爱也不会感到尴尬,111、好消息，由于大门忘记锁，本院病人于今早全部出院,178、想成为精神内猫，专治精神内耗,3.81,154、我是淘宝死忠粉，手机只安装了淘宝和它的多个摇一摇版本app,3.81
180, ,152、天气晴朗，植物人伸出肺叶开始光合作用,181、韩国人欠的钱也叫高丽贷,125、der是骂人傻的意思，under是不是夸人聪明？,110、你永远不会死，死亡存在你就不存在，你存在死亡就不存在。,176、由于人生地不熟，我的人生迷路了。,3.81,153、保质期一年的东西，本该过生日的日子，却被扔掉。,3.81
181, ,151、我的手机关机键可以开机欸,180、我偶尔会偷走天上的星星，因为它们是我登录账号时的密码。,124、我妈为什么要把我从她肚子里掏出来，她是不是不要我了,109、为了避免宇航员在空间站排便会粘在PP上，所有食物都由华莱士提供。,175、苦难是生命的防沉迷系统。,3.81,152、周杰伦的《忍者》在迪拜被翻译为《可爱女人》,3.81
182, ,150、碰到女鬼，我花了一个小时解释唯物主义，让她相信自己不存在,179、“这墓里要是没你我可不扫。”粉丝激动地对偶像表示。,123、一模一样这个成语真是有模有样,108、孟德尔为什么要花几年去做实验研究而不是直接看生物书？,174、“蟹”字的英文是Debug？,3.83,149、前天还有人祝我生日快乐呢，今天怎么没了？,3.83
183, ,148、围巾：生而围人，我很抱歉。,178、“你要学会拒绝”<br>“我不”,122、男生被指“只会读书”，高考出分后用220分的成绩实力辟谣,107、他的人格分裂成一对兄弟：老大不小了，老二刺猿了。,173、谁说不会道歉，不是天天在抱歉没有查看权限吗？,3.83,148、熬夜会让人记忆力下降，比如我到了早上六点才想起来忘记睡觉了。,3.83
184, ,147、同学说steam好玩，我现在八级烫伤了怎么办,177、全篇都是一整串无聊的谐音梗，《新华字典》是我看过最垃圾的书。,121、冷知识：光走一年的时间和人走一年的时间是一样的。,106、我说的就是正主，我不明白为什么非要下降到粉丝,172、在身上纹自己名字的人就不怕自己突然改名吗？,3.83,147、关羽不斩老幼，为什么不派十万老幼去斩杀关羽？,3.83
185, ,146、郭德纲好不容易收拾好回家的行李不慎职业病发作当场抖了一个包袱,176、还记得叔叔吗，你小的时候我还抱过你妈呢,120、弱智吧今日看点 ·,105、影子是光的尸体,171、我数学考了25分<br>我爸：你看你考的这个分数！<br>我：爸，25是整数，不是分数。,3.83,146、“五十年真是一晃就过去了！”历史课上睡着的小明感叹。,3.83
186, ,145、五步蛇的危险性是李白的两倍。,175、半夜鬼敲门，说明鬼有礼貌。,119、车祸原因：双向奔赴,104、既然5月20日是情人节，那么能不能把2月50日作为弱智吧的节日？,170、怎么又要到周一了，我感觉每周都有周一。,3.83,145、佛陀穷极一生攀上高峰却发现超级大便人早就在山顶看着他笑了,3.83
187, ,144、上课不带枪，和上战场不带笔有什么区别,174、后宫不得干政，始皇帝只能手冲。,118、许完愿后，大家开始吹蜡烛：“这个蜡烛是真牛逼啊！”,103、劝君更进一杯酒，析出阳关无故人，可见故人溶于酒精而阳关不溶,169、“180体育生求面基。”<br>“你只告诉我高怎么求呀？”,3.83,144、遇见电锯杀人狂不要慌，打开抗锯齿就好了,3.83
188, ,143、观音菩萨左右为难，只好请六小龄童来分辨谁是真美猴王,173、在网上看到很多人推荐批判从众心理的《乌合之众》，我也跟着他们去看了。,117、戴夫被僵尸包围了，他绞尽脑汁让僵尸对他失去兴趣,102、人一旦快xia了，就只能感受光点了。,168、“先生，能描述一下你听到的三声枪声吗？”<br>“好的，qiǎng！”,3.83,143、顾客就是上帝，所以客观就是主观。,3.83
189, ,142、没有珍珠的奶茶是没有珍珠的！,172、“我们的人从不守法。”1940年的巴黎士兵说道。,116、走完奈何桥我就过河拆桥，让后面的人无可奈何。,101、小王种的地得到了大家的认可。的地得警察欣慰的离开了。,167、喝了一整瓶海飞丝，人没了，我是真的屑,3.83,142、“看看扔子。”刘备接过赵云手中的阿斗说道。,3.83
190, ,141、食人族给俘虏沾上酱油和芥末，开始品味人生,171、如果你想找意中人，可以去梵蒂冈找找看。,115、“让他多蹲一会儿，我爱吃麻的。”食人族族长吩咐道。,100、毕业生因为缺乏工作经验而迟迟找不到工作。,166、上帝把我拖动到他的ppt里，右键点击，置于底层,3.84,141、淘宝才是最纯净的app，因为只有淘宝不会摇一摇跳转到淘宝。,3.84
191, ,140、考试途中，教室门突然被打开。“听说这里有煎烤老师？”食人酋长咽着口水问道,170、写论文太入迷晕倒了，清醒过来后“水……水……水”导师把我写的论文塞我嘴里了,114、某学校发生集体食物中毒，学校顺藤摸瓜将所有违反学校规定偷订外卖的学生一网打尽,099、硕士比本科生更聪明是不是因为他们把脑子里的水都倒到论文里了？,165、云卷云舒，人卷人累,3.84,140、“如此生活三十年，直到大厦崩塌。”1971年入职的美国世贸中心保安在回忆录中写道。,3.84
192, ,139、电车司机在发现铁轨上绑着人时及时刹车招致哲学界广泛批评。,169、他骨子里充满了骨髓,113、小明考试排名太后竟开始垂帘听政,098、医生叹了口气走出手术室，对家属摇了摇头说：“我脖子好酸。”,164、真人秀为了证明节目没有剧本，专门请了一堆不会演戏的流量明星。,3.84,139、为什么你这个双人份套餐里的薯条是奇数根？,3.84
193, ,138、老王是个十足的坏蛋，每次买鞋子都要买五双。,168、子在川上曰：逝者如斯夫不舍昼夜。子在川中曰：救命,112、中国每个人的平均工资都是一样的,097、所谓久别胜新婚，两个十年未见的仇人被法官判定当庭结婚,163、我只剩两分钟寿命了，但是我每次呼吸能重置这两分钟倒计时,3.84,137、买了一本《张小龙传》翻开一看全是空白，只在第一页写着文件已过期或被清理。,3.84
194, ,137、“为什么不来上体育课？”<br>“我绝育了。”,167、一个水蛭问另一个水蛭说：你为什么抓不到食物？另一个水蛭回答说：“因为我是弱蛭”,111、上帝成了无神论者，因为他不太自信。,096、喜羊羊已经开拍16年了，普通的羊寿命只有15年左右，会不会喜羊羊里面的演员早换了,162、《论语》何尝不是一种密集孔句？,3.84,136、中子问质子为什么还不出发，质子说他在等离子烫头。,3.84
195, ,136、大爷您消消气儿，我把输氧管给您拔了,166、这栋楼因格格不入建筑风格吸引了大量蓝精灵入住。,110、同学们或许还不知道吧，在你们都已进入梦乡的时候，老师还在辛勤地讲着课。,095、由于题材过于猎奇，我的sci论文被拒并建议我转投scp。,161、秦惠文王问道商鞅：公善变法，可曾听闻马裂主义？,3.84,135、面对歹徒开枪射击，王警官严厉批评其射击姿势不够标准。,3.84
196, ,135、女友说我要像对待公主一样对她，于是我把她送去和亲了,165、“爸爸！你会唱小星星吗？”<br>“**你个**！***写**完作业了吗？****！”,109、我起床开灯，把屋里的夜还给星空。,094、致谢并不是论文的终章，而是青春的悼词。,160、知了掉进泉水淹死，也算泉下有知了。,3.84,134、欢装好人的王老汉被警察发现家里冰柜装满了好人。,3.84
197, ,134、“上学都不带脑子，你中午吃什么？”僵尸老师问僵尸学生,164、如何称呼一个3.14m³的小星球？π大星。,108、长大后，乡愁是一座矮矮的坟墓。你在里头，我刮墓相看。,093、制订了周密的学习计划，希望周密好好学习,159、“你不要吹牛”保洁指着卫生间里错误使用烘手机的男人说,3.84,133、全班第一名每次都是我们班的人，感觉有什么黑幕,3.84
198, ,133、“我发誓要让你们吃到苦头！”王老汉面对食人族的包围，一头撞死在苦瓜上面,163、“王先生，恭喜你啊！是个男孩。”王老汉雇的私人侦探调查他儿子的恋人后向他报告。,107、讲究真材实料的王老汉在老婆饼里放了老婆，顾客吃出纸屑后愤怒投诉。,092、鱼戏莲叶东市买骏马<br>鱼戏莲叶西市买鞍鞯<br>鱼戏莲叶南市买辔头<br>鱼戏莲叶北市买长鞭,158、草，壮羊药,3.85,132、禁止本院医生在手术中未经允许擅自在患者体内添加葱花。,3.85
199, ,132、“我宣布！”来自台湾的貂蝉说。,162、看见最近的机票很便宜，我赶紧把房子卖了全部买进等着疫情过后涨价,106、不靠谱的小明靠记忆力弹完了钢琴曲。,091、offline是“不在线”，那office可不可以理解为“不要冰”？,157、飞盘吗？刘备拿着核桃问三弟。,3.85,131、“当时觉得挺有趣的，就把他拍了下来。”小明解释小王为何坠楼。,3.85
200, ,131、非洲多国欲引进《爸爸去哪了》亲子节目,161、老婆坦言怀上我最好兄弟的孩子。我：双厨狂喜！,105、“如果在华莱士有考核，你觉得会考什么？”<br>“考拉。”,090、时隔80年日本成功对美国发动核打击,156、女王连续会见三个首相,3.85,130、游戏里生命可以有几十条，但是现实中生命只有一条，所以我们要珍惜游戏。,3.85
201, ,130、祝您福如东海。——精卫祝您寿比南山。——愚公,160、女孩子晚上出门扔垃圾一定记得要带上垃圾,104、去别人家做客从不带东西，这就是我的空手道。,089、出来了！出来了！360搜索引擎年度关键词：百度！,155、点了一份炒面外卖，骑手却送来了一份盖浇饭，我打电话询问，他说他是假面骑士。,3.85,129、杨过只剩一只手都这么厉害，两只手都没了还得了？,3.85
202, ,129、“内个多少钱啊？”<br>“对不起朋友，现在买卖黑奴是违法的。”,159、公司推崇狼性文化，工作前10分钟集合员工观看狼发情交配视频。,103、你做梦只能梦到你能想象到的事，你清醒的时候才会发生想象不到的事,088、小王去了大学，小刚去了中专，小红去了百货商场。这三个地方保安待遇都挺好的。,154、擅长安慰他人的小明在大赛中喜提安慰奖,3.86,128、美方严正声明：韩非子。,3.86
203, ,128、在王警官的反复逼问下，影院工作人员只好向所有观众坦白了凶手名字,158、“主人的任务罢了”他边采棉花边说。,102、发语音条的人，是否触犯了输入法？,087、夫妻本是同林鸟，大难临头各自冷静一个月再飞。,153、“玉帝，人间嫌小星星不够亮。”<br>“派大星。”,3.86,127、“苏轼，你又被贬了，怎么办？”<br>“我在想辙。”,3.86
204, ,127、抽两位铁粉做干燥剂,157、家里的猪油没了，小明只能把植物油倒快点当猪油用了。,101、这个世界上真的有诅咒，昨天有个人说让我下地狱，今天我就在上班了,086、新一被打晕变小后为什么还能成为名侦探？因为这孩子打小就聪明。,152、终于把驾照考到手，以后再也不用开车咯！,3.87,126、白话：谈钱伤感情；<br>文言：既要交，岂言钱？,3.87
205, ,126、今天早上小明在厕所拉出了今日头条,156、“很感谢你在这种情况下还能为我发声。”我对声带说道。,100、如果说网络是一副面具的话，人们戴上它怎么反倒露出真面目了呢？,085、“说一句没有十年脑溢血说不出来的话。”<br>“我有十年脑溢血。”,151、<br>12:00 留给中国男足的时间不多了……<br>12:01 进了！男足终于踢进一球！！！<br>12:00 糟糕！裁判判决进球违例！分数取消！,3.87,125、闰土说：“水生病了。”鲁迅听完连忙请来大禹治水。,3.87
206, ,125、出人头地常年盛产人头,155、你必须平等地对待每一个人，才能最客观地把他们分出三六九等。,099、我做了一个1：1的地球仪，你往窗外看就能看见了,084、现在论文越来越多，但是搬起来却不用费力气，因为它们没有任何质量,150、颜真卿，琅琊临沂人，字好看。,3.87,124、老太太连发五十条六十秒语音成功气死电诈人员,3.87
207, ,124、“你们不要再蹭死者热度了好不好！”王老汉生气地将围在焚尸炉边上取暖的人群遣散。,154、去掉一个最高分，去掉一个最低分，本次考试我们班开除两名学生,098、怎么只有小天才电话手表？小天才会走丢吗？<br>市场上更需要小弱智电话手表,083、医生试图叫醒昏倒的病人：“醒醒！现在还不能昏！离昏还需要三十天呢！”,149、经过一夜的审问，王警官发现嫌疑人很符合自己的择偶标准，三观也合得来。,3.87,123、重大发现！碗可以装饭原来是运用了纳米技术。,3.87
208, ,123、在显微镜下，小便变成了大便,153、观音菩萨因涉嫌多次协助他人高考作弊被警方依法逮捕,097、我是家里唯一的火源，我爸妈看到我就来火,082、我删除掉整个世界，世界却只删除一个我,148、毕业即失业的毕业寄又到了,3.87,122、拖延症学生大叁制作视频，大肆渲染。,3.87
209, ,122、精神分裂症患者经过不懈努力终于遇到更好的自己,152、路上堵车，幸亏车上有脉动瓶子，不然车上就没有脉动瓶子了,096、从我确诊出生的那一刻起，我的死亡就只是时间的问题,081、“你做主吧”玛利亚对她儿子说到。,147、也许我的脖子每天都很颓废，因为它觉得自己顶着的东西太愚蠢了,3.87,121、双十一将至，父亲拿走拓海车上那杯水，换成一部智能手机。,3.87
210, ,121、我校学生在此次大赛中斩获评委的头,151、现在你死了我这么伤心，以后我死了你可不能没有一点反应啊,095、爱情让人盲目，也让盲人重获光明。,080、“我出门了。”踏进收容所的大门时，流浪汉对整个城市说道。,146、Q：巡音多少岁？<br>A：三十岁，因为是儿力之年。,3.87,120、梅西的阿根廷球衣都售罄了，那决赛那天梅西穿什么？,3.87
211, ,120、宁波真的好大,150、多年以后，他去世了。在追悼会上，大家发现他的微信ID还是那个熟悉的“不过四级不改名”,094、玫瑰越来越贵，爱情却不断贬值。,079、我躺在床上，被子躺在我身上<br>原来我也是床，被子才是唯一睡觉的人,145、泥头车司机返回事故现场承认：我是原创,3.88,119、古人有那么多封号，是不是说明古人很爱开挂？,3.88
212, ,119、长年性冷淡的王老汉，终于在神医的劝诫之下想透了,149、自来水是脏的，没洗过的苹果也是脏的，那为什么用自来水洗过的苹果会是湿的呢？,093、耻辱柱因为刻上了我的名字而被刻在了耻辱柱上,078、会不会是我本来就考不上清华，而不是我不想去？,144、一枪爆头，老外挂了。,3.88,118、怕上火，住下水道。,3.88
213, ,118、刽子手在离刑场100米的地方对囚犯说“前方100米掉头”,148、奇怪，垃圾桶里长出的玫瑰和我送的一模一样呢,092、赞美上帝：好耶,077、您瞧这地铁修得，那叫一个地道,143、欢迎来到嬴政直播间！<br>下面要推荐的这些书非，常，火！<br>很多小伙伴都入坑了！,3.88,117、“大雄宝殿！”来自陕西的哆啦A梦阻止大雄点击诈骗链接。,3.88
214, ,117、第一届青龙山百人捉迷藏大赛共计0人死亡，0人受伤，100人失踪,147、小明是个和事佬。每当上课眼皮子打架时，小明很快就能让他们合好,091、在山东姑姑的婚礼上，我对着新郎官说道：是我姑父了你。,075、艹粉的偶像，又被称为干饭人,142、日本的禁止停车指示牌拟人：莫泊桑。,3.88,116、王警官看到尸体上插着蜡烛才想起今天是自己生日。,3.88
215, ,116、“女人就是用来疼的”蒋劲夫说到。,146、“想变成大人么？”女子对着满脸羞红的小男孩掏出了一份996劳动合同,090、死亡是一个长长的队伍，但是吸烟的人经常插队，因为吸烟先。,074、如果男同是由1和0组成的，那么可不可以用男同来编程,141、“这雪，已经下了一天一夜了。”<br>“因为它用的百度云？”,3.88,113、梦到我搬家了，还好梦和现实是相反的，我加班了。,3.88
216, ,115、去世后被泡进福尔马林的小张可以说是身在福中不知福了,145、《核舟记》是人类历史上第一部系统介绍核动力潜艇的军事著作。,089、“升职这件事，还麻烦您亲手办一下”领导爽快答应，拿起桌上的蕾姆酱吧唧就是一口。,073、为什么休息日过得快，工作日过得慢呢？因为工作日有5天，休息日只有两天,140、即使走入社会，孙悟空还是被原生家庭压抑了500年。,3.89,111、<br>911前：请纽约市民注意市容市貌；<br>911后：请纽约市民注意市容。,3.89
217, ,114、等红灯的同时，你也在等绿灯,144、老王知法犯法，可谓知行合一。,088、有困难找警察，没困难以入睡,072、我白天从来不说梦话<br>因为我想攒着晚上告诉月亮,139、我的c语言程序设计是59分，不难推出我的c++程序设计是60分。,3.89,110、机智的诸葛亮将稻草人涂黑，成功从美国警察处借来十万颗子弹。,3.89
218, ,113、汉化组把漫画里的女性角色全部汉化成男人。,143、我买的雪糕实现了自动化,087、把肉剁碎可以得到肉末，我的一周也过得稀碎，能不能得到周末？,071、刘姥姥虽然是个下里巴人，但她总是引经据典，所有的话都出自四大名著，可见她深藏不露,138、王警官拉起警戒线，严禁考研学子进入凶案现场争抢保研名额。,3.90,109、重阳节建议给60岁以上的老人放半天假。,3.90
219, ,112、14岁的小明因过度自恋被当成恋童癖抓到了监狱。,142、小王订了张飞去北京的机票，给张飞省了一大笔钱,086、原来公司是温暖的大家庭啊，我说我怎么是孙子呢,070、这个杀手不太冷，但他媽觉得他冷。,137、人体80%是水，所以喝八杯水可以用吃十杯人代替。,3.90,108、石头剪刀布不是公平的游戏，因为先手和后手的胜率差距太大了。,3.90
220, ,111、百度魔镜：只要你出价比白雪公主高你就是排位第一的美女。,141、薛定谔一怒之下将猫关进黑盒子里，说道：“不知死活的猫！”,085、虽然我不是弱智，但还是想问一下大家，欲盖弥彰这个词是什么意思？,069、“自我介绍一下吧。”<br>“你好，我是弱智吧。”<br>“这咋还不确定呢？”,136、目前国际局势紧张，专家建议大家害怕的话可以少看新闻。,3.90,107、公司年会上表演千手观音的演员有俩去加班了，于是节目改名为996观音。,3.90
221, ,110、叫来冰火两重天的技师对我冷嘲热讽,140、本文作者采用了炫耀的修辞手法，引起读者羡慕,084、大家别再当谜语人了，别又发生上次那种事,068、“这是内鬼”古代的鬼彬彬有礼地介绍自己的妻子。,135、“没带就是没做”，老师解释自己不带套的原因,3.90,106、通过两位坠楼死者的死亡推断时间，王警官验证了自由落体定律。,3.90
222, ,109、喜欢稳固感情的小明已经谈了50多段三角恋了,139、我觉得考试交白卷就计零分的做法很不合理，这样就埋没了那些真正凭实力考出零分的极品弱丨智,083、美洲是第一个发现哥伦布的新大陆,067、“怎么每次扫黄都有你？”小张忍不住抬头询问扫黄大队队长,133、确保能找出卧底，黑社会老大把问卷星的选项设为必填。,3.90,105、工作日一般不开演唱会，因为要放假唱。,3.90
223, ,107、现代人可以把春宫图叫做祖冲之,138、你父母辛辛苦苦养了你十七年你还没成年，对得起他们吗？,082、据不完全统计，一年有11个月,066、网上很多人的思维跟二极管一样，所以我猜测他们都是硅基生物,132、肛拭子：便民采集点集采民便,3.90,104、西北人真热情呀，虽然我说他们有点鼻音，但是他们还是说我有求必应。,3.90
224, ,106、司马昭之心，位于横膈之上，两肺间而偏左。,137、“去海底捞吧”，老猴子看到孙悟空没合适的兵器便说。,081、很多人认为抬头才能看见宇宙，其实宇宙也在我们脚下,065、狗：你为什么不找个主人呢？<br>狼：你不懂自由！<br>狗若有所思地离开了动物园。,131、根据万有引力公式，我的论文不吸引导师可能是因为它没有质量,3.90,103、“你笑个P啊！”<br>“:P”,3.90
225, ,105、病床上的王老汉突发拖延症，迟迟没有死,136、三年，说短不短，说长不长。三年：“短不短，长不长。”,080、人生就像是一盒巧克力，但总有人是狗。,064、向禁欲的寺庙求姻缘，向不出门的方丈问人生,130、大家不要再用QQ了，只要登录一下你的账号密码就被腾讯知道了,3.90,102、路易十六倒台后，他本人便陆陆续续地离开了历史的舞台。,3.90
226, ,104、为防止考生作弊，所有考生一律不得进入考场。,135、我都没听课，凭什么要我参加考试,079、海绵宝宝被诊断患上了多洞症,063、卑鄙是卑鄙者的前两个字，高尚是高尚者的前两个字。,129、矛盾不断升级，增加了攻击力和防御力,3.90,101、威利斯·开利：“早知道就不发明空调了，让你们没空调修。”,3.90
227, ,103、小明在浪费大赛时勤俭节约，浪费了获得冠军的机会，最终获得了冠军。,134、屠宰场杀猪前给猪看高等数学，使其头大以增加猪头肉产量,078、张飞说“小心翼翼”时是在撒娇。,062、鲍勃·绦纶有一天终于受不了静电了，换成了鲍勃·纯棉,128、在不记名投票中，患痴呆症的王老汉被票选为第一,3.90,100、王护士被蚊子咬了，之后每次都能准确找到患者的血管。,3.90
228, ,102、官府悬赏梁山众人的人头，豹子头林冲侥幸躲过一劫,133、网课让我们可以足不出户地迟到，真的太方便了。,077、弱智网友们个个不甘示弱，导致博主久久无法更新,061、王建国：我曾经。。。<br>旁人：别说了！建国以后不许曾经！,*127、<br>脸怎的黄了？防冷涂的蜡！<br>怎的又红了？河南给的码！,3.91,099、王老师：“我先考考你。”于是找来了死去的父亲出题。,3.91
229, ,101、去年驾鹤西去的李先生已经有一年驾龄了,132、美国的红灯不行，中国的绿灯行！,076、我发誓我一定要做一个了不起的人！先从睡了不起开始,060、大多人想做医生，却极少人想扫地，这导致了垃圾到处都是。,125、出现在大学考场上大多数不是大学生，是赌鬼。,3.91,098、很少有人写自传会提到自己的死因，是不是人都比较忌讳这个呀？,3.91
230, ,100、我每天废寝忘食地睡觉吃饭,131、世界上每一把牙刷都是进口牙刷,075、被骗的诸侯跑到城楼下，只见城楼上的周幽王叫到：“I'm Zhou King.”,059、骨折应该是传染的吧，不然为什么一个病房全是骨折的,124、漫威宇宙叫MCU，DC宇宙叫DCU，那我的宇宙是不是叫ICU。,3.92,097、“我要创文明城市！”说完恐怖分子开飞机创纽约去了。,3.92
231, ,099、“我有个朋友出意外死了。”<br>“你说的那个朋友到底是不是你自己？,130、程序员小王发现自己键盘上Ctrl和C键坏了，哭的如丧copy,074、“初极狭，才通人，复行数十步，豁然开朗”——出自《先见其狭传》,058、B疑惑地问β，“你是啥b”,123、关羽在离开曹营时承诺以后和曹操交战时给他放水,3.92,096、观众席那么多人穿10号，怎么认出哪个是梅西？,3.92
232, ,098、据我所知，我一无所知。,129、我问领导：“这份文档需要我丨草丨拟丨吗？”,073、数学老师直接在祖宗祠堂里玩起了排列祖盒。,057、范进中举，又名出道即癫疯,122、“老天有眼！”女娲大哭。,3.92,095、自从来华莱士工作后，这些顾客在我面前屁都不敢放一个。,3.92
233, ,097、抓到嫌犯，经验丰富的王警官突然升级。,128、我的贫穷已经完全突破了我的想象，成为了现实,072、光年既然是个距离单位，狗日就是一条狗跑一整天的距离,056、为了庆祝泼水节，大学生开始互相传阅论文。,121、“我要结婚了，新郎不是我。”新娘说。,3.92,094、我是住在A栋的，很少见这B栋静。,3.92
234, ,096、“爬！”一位父亲对新生儿说到。,127、“实在是难分伯仲！”大乔跟孙权在床上对孙策解释道……,071、遇到有人溺水可以直接往水里通电把水电解成氢气和氧气供人呼吸,055、秦始皇焚书坑儒，机智的道士把儒家学术抄在了《博人传》上,120、老板给了我工作，为什么还要给我工资？,3.93,093、看来路易十六不是被冤枉的，因为冤有头。,3.93
235, ,095、现在的女孩子真是太不自爱了，我就从没听说过谁家男孩子未婚先孕,126、双重否定等于肯定所以死鬼就是活人,070、曹操：“今天下英雄”于是出门捡英雄。,054、如何做鸡兔同笼：首先随便蒙一个数，然后说他们来自日本,119、参考答案：(ﾉ)`ᝫ´(ヾ),3.93,092、把昆虫放进水里，水就变混浊了。,3.93
236, ,094、“我实在是没有梗了”脑梗病人转行段子手不出一个月竟完全痊愈,125、老爸问我高考考了多少分，我告诉他差八分上211。我绝对不会让他知道我考了203分,069、弱智吧，弱智只占三分之二,053、既然正义的反义词是邪恶，那么大光明的反义词就是小至暗,118、受就业率影响，《生化危机》系列将更名为《生化环材危机》,3.94,091、我破解了张恒地动仪的原理！把八部手机分别固定在罗盘的八个方位，哪个方位的手机跳转淘宝了，就说明哪有震感。,3.94
237, ,093、我没什么特长，要不给大家表演一个即兴肠胃炎吧,124、秦始皇因不想学习外语连灭六国，堪称最讨厌外语的学生,068、立<br>日<br>——《斜音梗》,052、日本在福岛发现一种新的扇贝命名为氚钡铍钯锆,117、我会在网上玩一些水上运动，比如：冲浪、潜水和写论文。,3.95,*090、诸葛亮还是太保守了，如果诸葛亮当初放的是气球，就能借到10万枚导弹了。,3.95
238, ,092、女娲旱季捏人不慎睡着，数百泥人悉数成为沙雕,123、李白在会写诗之前，他还不会写诗。,067、草，这辈子死定了！,051、停车这人是瞎子吧？不然为什么把车停盲道上,116、王某作弊被抓，在亮出准考证后，考官准许其继续作答。,3.95,089、当一个国企员工离职决定叛逆一把去纹身，<br>“请给我纹一个大大的死字！”<br>“您要什么字体？”<br>“仿宋_GB2312”,3.95
239, ,091、所有人都在放假后第一天无心工作学习，所以我建议把假期后第一天也改为放假,122、一个十块钱的西瓜，王老汉切了一刀后，竟然变成了两块,066、在监考老师的观测下，考生们纷纷坍塌。,050、文学家死后会成为天文学家吗？理学家死后会成为地理学家吗？,*115、“你上大号说话。”前总统和现总统互相嘲讽道。,3.95,088、为什么单位学校这些都有保卫处，没有进攻处？,3.95
240, ,090、深知“穷人的孩子早当家”道理的小明年纪轻轻就变成了一幢房子,121、“王爷，王妃已经被送去法国三年了”<br>“肯认错了吗？”<br>“第一天就肯认错了。”,065、烦心的蛇对好朋友蝎子说：走，去泡酒吧,049、马上去考信号与系统了，我信号不好，先挂了,114、尸检结果：难吃！,3.96,087、《出师表》第一句就提到了先帝，为什么刘禅不重用先帝？,3.96
241, ,089、cxk超话被封，中国陷入水资源危机,120、美国人，又称老鹰洋人,064、心脏手术失败原因是医生没有get到梗在哪,048、孩子色盲了，好心人捐捐色图救救孩子。,113、体弱多病的小王决定成为职业病选手,3.96,085、在关于面前两位副主任该先给谁倒茶的问题上尿分叉的老王并没有退缩。,3.96
242, ,088、案件持续发酵，最后变的松软可口,119、据我多年观察发现，jk罗琳并不是高中生。,063、拼多多为什么不早出现几百年，这样微积分就是中国人创立的了。,047、我要偷偷努力，然后在所有人的预料之中失败,112、人类不想下地狱，撒旦催人类下。,3.96,084、母亲去世后我养成了翘兰花指的习惯，这样别人就会骂我有点娘。,3.96
243, ,087、王老汉临死前还每天坚持活着的精神值得我们学习,118、老王呼吸不畅经检查发现居然是因为经常阴阳怪气,062、冰上运动员经常滑倒，为什么不把冰面做成防滑的？,046、“2020年最后一天，郭老师和于老师都道歉了！”<br>“德云社怎么了？”,111、我下楼遛狗，遇到大爷遛弯，他撸了撸我的狗，我摸了摸他的弯。,3.97,083、小明大骂人力是SB，却被领导纠正为HR,3.97
244, ,086、小明的炮友叫什么？透明人,117、小王环顾四周，耗时28天。,061、餐厅上菜慢食人族谓其厨师曰：“无语，城北徐公熟没？”,045、如果全国人民每人给我一块钱，就能在不知不觉中完成全国人口普查,110、<br>未知全貌，不予置评；<br>若知全貌，开始控评。,3.97,082、祖冲之故居又叫π出所。,3.97
245, ,085、听信“一分干掉一千人”恐怖分子发奋读书高考考出好成绩,116、小明因为没有在微信刷票而错失诚信大赛冠军,060、上班，又称坐椅待币,044、只有小孩子才说喝茶，成人用品。,109、原始人为什么要那么辛苦地钻木取火啊？有的人不是看一眼就来火吗？,3.99,081、喂，医生问你话呢！得啥病啦？,3.99
246, ,084、真是远亲不如近邻。找来所有亲戚都无法和病重的儿子骨髓配型，最后还是邻居大哥成功了！,115、“勉强能冲”小明如此评价劣质马桶,059、电影院和宾馆，是人类的主要七夕地。,043、有个群友经常在我们说话时冒出来说一句：“草，有毒”怀疑是神农混到了我们群里,108、<br>“有人质问食品安全问题。”<br>“那是他们现在该关心的问题吗？！”绑匪回答道。,3.99,080、评论区留下身份证号后两位，一样的在一起。,3.99
247, ,083、“新的一年，也要努力加油哦！——中石化宣,114、“爷是你爹”小明对他爸说,058、抽烟算不算提前给自己上香？,042、震惊！反人类的设计竟然都是人类设计的！,107、为了提前得知高考成绩，小明一题没写。,3.99,079、自从有土木工程学生紫砂后，学校工地频频出现鬼打墙。,3.99
248, ,082、“我们一起学猫叫”说完小明扔掉了第五号染色体短臂,113、枫叶落在了我的头上，秋天给了我一巴掌。,057、“我觉得你今年一定会上岸”<br>“我还没说我想考哪个大学呢”<br>“回头也是岸”,041、“明年二战”1938年考研结束后一名考生说到。,106、科学家研究陨石的成分后，发现都是大家儿时的愿望。,4.00,077、王老汉钻被窝时不顾老婆反对使用电钻。,4.00
249, ,081、我叫斧新，最近减肥瘦了两斤，你也可以叫我父亲,112、“难道菜就不能打游戏吗？”大白菜坐在电脑前愤怒地说到,056、根据《史记》记载，荆轲刺秦王未成使得秦王大怒，那么如果成功了的话秦王会大喜吗？,040、愚公发现用了耗子药家里的耗子就没了后，通过类比法买了两斤山药成功移走山,105、女娲创造了人类，人类也创造了女娲。,4.00,*076、我本以为饭里疑似出现鼠头是今年最恶心的了，没想到今天又听说粥里疑似出现孙笑川。,4.00
250, ,080、我常因为不够变态而和你们格格不入，小蝌蚪对爸妈说,111、今晚月色真美，相比之下你真是丨丑丨得丨批丨爆丨,055、遗憾其实是一种时态，过去未完成时。,039、你要是把开水放凉了，那它就是白开了,104、陈睿打游戏，我的叔叔娱乐。,4.00,078、双重否定表示肯定，我在夸你呢，沙贝丑八怪。,4.00
251, ,079、“这家回转寿司种类真少。”食人族王老汉站在旋转木马前说到。,110、煮豆燃豆萁，豆问红豆泥？,054、「好怪，再看一眼！」悟空开始上下打量女妖精。,038、“借个火。”老丁对边上的小伙说。“行！”小人对老灯说。,103、数学有奇数和偶数，文学有奇遇和偶遇,4.00,075、怕影响孩子高考，至今不敢告诉他十八年前已经被我打掉了。,4.00
252, ,078、随着裁判员的一声枪响，最后一名运动员也倒在了血泊之中。,109、手术很成功，两碗粉都保住了,053、今天班长统计衣服尺码，xs，根本穿不上。,037、妈妈的爱是我走向死亡路上的绊脚石。,102、“你愿意接受我的一切吗？”刽子手行刑前问犯人。,4.00,074、协和医院治不好的患者都转到火葬场了，是不是说火葬场是协和医院的上级医院？,4.00
253, ,077、我眼泪总是不争气地往下流，如果争气的话我眼泪应该往上流。,108、写作业时我采用了欧亨利式的手法，写到一半不写了。老师采用了倒叙的手法，给了我001分。,052、光着急没有用，速度没法超越 299792458 m/s,036、成年人的崩溃从算了开始，计算机的崩溃从不算了开始,101、“食物中毒了！”食人族将被毒蛇咬伤的病人紧急送医。,4.00,073、送外卖。开门取餐的阿宅很没礼貌，是个凶宅。,4.00
254, ,076、我发现现在孩子体质越来越差了，记得很多年前我打一个小学生都费力，昨天我一口气打了五个，轻轻松松,107、热爱二次元文化的小明把ACG刻进了DNA里，于是体内多了一个苏氨酸,051、我目视前方，余光中写出了《乡愁》。,035、因为宣传狼性文化，这只狼在狼群里被视为色狼。,*100、菊势紧张是因为大便窜访,4.00,072、口和吕，其实是残次品。,4.00
255, ,075、王警官看破真相之后导致真相不完整。,106、我妈问我房间的灯关了没，于是我特地开灯检查了一遍，果然没关。,050、午睡太舒服了，建议每天醒来第一件事就是午睡。,034、阴间规定：禁止过阳节,099、所有人都只关心你飞得高不高，只有我不关心。,4.00,070、排队的时候发现自己被陌生人尾随了该怎么报警？,4.00
256, ,074、他死了关我什么事，我埋他的时候他还活蹦乱跳的呢。,105、川老汉为了继续当总统，各路神仙都拜过了，唯独忘了拜灯,049、之所以不和我的叔叔联系，是因为于勒圈里的事情太脏了,033、愚公移山为什么不找精卫打工，精卫填海为什么不让夸父先喝掉点，夸父追日为什么不到后羿那要现成的,098、西瓜的味道真的跟西瓜汁一模一样，简直是西瓜汁平替，我愿称之为固体西瓜汁。,4.00,069、医生兴高采烈地向家属宣布，病人不心动挑战成功。,4.00
257, ,073、纯路灯，发一点客观的光。,104、被世人看扁的我，终于如愿以偿的成为了二次元。,048、河南人给中评相当于给好评,032、为什么要感到伤心，难道你的生活还不够可笑吗？,097、考虑到醉酒易致交通事故，酒量或将成为科目二考试项目,4.00,068、压死骆驼的最后一根稻草也是压死骆驼的第一根稻草。,4.00
258, ,072、越王勾践第一次看到一身是胆的赵云就沦陷了,103、小明回家给父母拜年，父母：“谢谢，真的有被孝到”,047、你这台手术成功率很高。因为这类手术成功率为10%，而我今天已经失败九台了。,031、开关是灯的日出日落，日出日落是灯的开关。,096、“能不能给我换个宿舍，我舍友个个都像罪犯！”我向狱警投诉道,4.00,067、nnd，早知道最后被第三志愿录取，第三志愿就应该填清华的。,4.00
259, ,071、小明误食风油精之后满嘴风凉话,102、我给您呀开两副药，您拿回去熬好了倒掉，咱权当没得过这场病,046、人与其他动物最本质的区别就是人不是其他动物,030、因为铜没有磁性，所以世界上的铜都是男铜,095、拖延症都是通过后天习得的，今天就先不学了。,4.00,066、为什么电话打久了手会酸？因为电话pHone。,4.00
260, ,070、小明在正月接发竟导致舅舅复活,101、“不要打捞我，我有权保持沉没。”沉船说。,045、犯人临死前对刽子手说：“我学生党，能小刀不？”,029、考试抄邻桌时南山区律师冲进来控告我盗用商业模式,094、感觉大家和大思想家就只差思想了,4.00,065、“大小眼用英语怎么说？”<br>“Eye”,4.00
261, ,069、通过给患者引导出一个食人族人格，患者的多重人格一天少了三个,100、以前的货币居然是大洋，要知道世上仅有四个大洋，大部分是液体，用起来太不方便了吧,044、我把硬币丢进许愿池里，池中仙女问哪个是我丢掉的愿望。,028、屡试不爽：经常去面试，还是找不到日薪208万的工作,004、胃部手术时王医生找不到手术刀，无奈之下只能拿咸萝卜开胃,4.52,064、我觉得上有老下有小是在形容我的外貌。,4.52
262, ,068、王老汉因昨晚睡觉时去了6次厕所，被评为年度起夜家,099、“朋友在某些情况下打断你的话其实只是无奈之举，因为他不能直接打断你的腿。”,043、看着夜空中划过的流星，我没有许愿，而是对着它说了声再见。第二天晚上，我又见到了那颗流星。,027、学校查早恋，我主动承认了，老师问清了情况，告诉我，你个傻子这不叫早恋，你们只是朋友关系,003、通过校领导的不懈努力，终于将五一请假通过人数清零！,4.54,063、公交车太可怕了，每次我看它停靠在路边，路边就会有人消失。,4.54
263, ,067、“别给我抹药，我有发炎权。”伤口说,098、由于太多的学生在课堂上睡觉，老师决定以托梦的形式给学生上课。,042、声音的传播需要时间。我们面对着说着话，我在过去，你在未来,026、古代公务员为什么也叫staff,002、很多人说的看不到未来其实是看到了未来,4.57,062、你每次一笑，都能牵动我的神经。医生，给我做手术的时候能不看弱智吧精选吗？,4.57
264, ,066、去美国参加高考比较合算，邻居去美国参加高考考了100分，回国后按照汇率换算为700多分，顺利进入清华就读。,097、刚到国外没事做，准备去领事馆领点事来做。,041、当别人在乎你飞得高不高时，只有我在乎你为什么能飞。,025、有目的地的人生才会迷路，我只是来世界散步。,001、工人罢工后就成为了人。,4.60,061、“打仗打的就是后勤”说罢王将军令人将厨师塞进炮筒。,4.60
265, ,065、造星公司操作失误，旗下艺人纷纷坍缩成黑洞,096、你家孩子很活泼嘛，静置能与空气发生反应。,040、天才就是百分之九十九的天才加上百分之一的天才。,023、加了凶手微信好友的王警官终于在一次追捕行动中超过了凶手的微信步数。, , ,060、谷爱凌梦见家里失火吓得赶紧打119，还好梦是反的，她要打的是911, 
266, ,064、某当红流量小生被爆最喜欢的颜色是僵尸粉,095、过敏是和这个世界不兼容,039、拿枪指猫，<br>问：汝几条命<br>猫曰：9命,022、“抓小偷啊！”话音刚落街上的韩国人立马躲了起来, , ,059、我向佛祖许愿，佛说：समझ नहीं सकता（印地语，意为：无法理解）, 
267, ,063、在路边撒尿的我为了掩人耳目，只好大声唱歌，伪装成洒水车,094、说到底，这个字的英文是Bottom，中文笔画共有八划,038、深夜走进便利店收银员说：“你这全家就你一个人啊？”,021、因为这种树很通人性，所以在东北被称为银杏树。, , ,058、大英博物馆发生严重盗窃案，负责人发文哭诉同行内卷。, 
268, ,062、没有一例手术成功的王医生被评为医院的主宰,093、我问我的舍友们学历，发现他们都是985的，看来985真的已经烂大街了,037、这里的士怎么都没了，我还想打车呢，看来只能把炮退回来了,020、既然考不上，那我就二战了——阿道夫·希特勒, , ,057、就算我杀了人，警察不敲门就闯进来也太不礼貌了吧, 
269, ,061、小明在美国买彩票中了100刀，于是直接进了医院。,092、你知道吗？赤道连起来可绕地球一圈。,036、网络上nt多是正常的，毕竟Internet里面都有两个nt,019、我用睡眠代餐死亡, , ,056、喝过氧化氢的注意了，过氧化氢不能喝。, 
270, ,060、阿拉伯歌手开演唱会引爆全场,091、听说上帝是个女孩，这是怎么回事呢？相信大家也感到困惑。为了一探究竟，小编这就带大家一起去见上帝。,035、博士毕业的人都很聪明，为什么国家不给每个人都授予博士学位，让每个人都变聪明？,018、真相浮出水面，说明ρ真相＜ρ水, , ,055、“还有8个学生没起床？”<br>“老师，是9个，你少瞧不起人了。”, 
271, ,059、杨警官执行任务时不慎跌入粪坑，成为一名便衣警察,090、新生儿不会说话是因为地球设置了关注一年才能评论,034、对着镜子中的自己开了一枪，但镜子中又多出了无数个我。,017、我们自豪地宣布，在本吧今年的英明指挥下，地球又安全地绕了太阳一圈！, , ,054、我怀疑那些新闻记者都是机器人，不然为啥自称“本台记者”。, 
272, ,057、自从镇里开了家花甲店起，附近六十多岁的老人就经常神秘失踪,089、人类患上阿尔茨海默氏症是因为过了保智期,033、皱纹是时间吹过身体时泛起的涟漪。,016、我闭上眼睛触碰星空，阅读宇宙留给我的盲文。, , ,053、经历巨大痛苦之后，王老汉终于明白了点烟器和飞机杯的区别。, 
273, ,056、由于网速过慢，脱好裤子的老王也只能缓冲,088、最脑瘫的句式是什么？自问自答式。,032、为什么大兴机场相当于五个标准足球场大小，却一场球赛也没办过？,015、“让我们做一些关了灯才能做的事情吧”<br>“开灯”, , ,052、王老汉找人拼命，现在两人共用一条命。, 
274, ,055、这家店很诡异，在外面看，它挂着“营业中”，进店里就变成了“已打烊”。,087、小明突然出现在我面前以至于我突然出现在小明面前。,031、狼被怀疑是哈士奇，立刻声明狼籍。,013、妈妈看了《我刷的碗》之后忍不住二刷了, , ,051、冷知识：冒号前面的才是冷知识。, 
275, ,054、虎毒不食子，专家建议野外遇到老虎可跪下认爹,086、为了弘扬正能量，以后《天气预报》中的坏天气将不再播报。请各位市民好自为之,030、年级：2017<br>学院：翻译<br>系：广东人,012、我在冬天把邻居埋在了后院里，来年春天后院里开满了警察, , ,050、毕业一年，经过我的不懈努力，如今的积蓄已经足够自己下半辈子不吃不喝了。, 
276, ,058、我丨草丨你奶奶给你生个爸爸让你们一家团聚。,085、哆啦A梦从事微商后改名“A哆啦梦”。,029、我宣布银牌和铜牌没有任何含金量。因为它们分别是银的和铜的。,011、王警官用卸妆水清掉了敌人的眼线, , ,049、悬疑短文比赛上，王老汉竟靠这个方法获得了冠军。, 
277, ,053、孔乙己打开一瓶一氧化二氮，店内外顿时充满了快活的空气,084、半径越大，直径越大,028、“谈判专家不戴护具太危险了”<br>“没事，他普通话二级甲。”,010、我长大了想当资本家，爷爷奶奶可高兴了，给我最喜欢的人血馒头吃, , ,048、王警官在现场勘察了4个小时，终于发现了案件还没有发生。, 
278, ,052、姚明宣布进入文坛，一位文学巨人从此诞生,083、种族歧视又叫做以色列人,027、卷子上我考了0分，被人提醒成绩单拿反了，原来我考了0分！,009、希望大家可以爱护海洋环境，我在网上冲浪时看见了好多垃圾。, , ,047、“我的法力不比如来佛差，你是怎么逃出我的手掌心的？”耶稣不解地问孙悟空。, 
279, ,051、小伙为了自杀，竟然付出了生命的代价,082、我不同意你的观点，但我誓死捍卫我不同意你观点的权利。,026、我的母校，清华大学。这是两所学校,007、猪为了不被做成东坡肉，毅然跳出了苏轼圈。, , ,046、我们购买美国产品花的钱，会被做成美国子弹，用来枪击美国人。, 
280, ,050、会不会我才是精神病而王医生才是正常人呢？,081、我觉得我就是酚，除了苯，就是醇。,025、你们都说我是弱智，其实只有我遵守了当年一起不长大的约定,006、大学生活要大学生死。, , ,045、“你是清朝来的吧？”人们纷纷赞叹朱元璋思想先进。, 
281, ,049、你一旦多活了一天，你就少活了一天。,080、田忌赛马，吉普赛人。<br>木已成舟，蚂蚁森林。<br>臣本布衣，草本植物。<br>十年树木，一周树人。,024、鱼藏在水里，躲猫猫。,005、燕子叽叽喳喳叫个不停，“咏春？”叶问。, , ,044、医生说：“吃点好的。”于是我把我在工作群的回复都吃了。, 
282, ,047、法官出示了圣经中“上帝无处不在”的章节，推翻了上帝的不在场证明，目前上帝已被判处死刑,079、为什么说老师是园丁，因为园丁的工作就是把植物摆弄成自己想要的造型。,023、地下赌马是不是也叫私密马赛？,004、这台手术很成功，我失败的人生结束了。, , ,043、镇关西挨了三拳后心领神会，晚上三更准时来到鲁提辖的房间。, 
283, ,046、银行回收破损人民币，被举报恰烂钱,078、一日为师终身为父，小明跪在病逝的小学老师灵前，和老师的几个子女争起了遗产,022、知识都让好学生学完了，害得我学不到,003、学校组织男同学去羊圈参观，因为那里充满了羊肛之气。, , ,042、生活小妙招：在野外迷路如何使用手表辨别方向。手握手表，松手使其自然落体，手表坠落的方向就是下方。, 
284, ,045、病毒入侵人体，杀死并劫持正常细胞，大量细胞沦为细胞质,076、“真可怕，犯罪嫌疑人就在我们俩中间”被告席上一名法警对另一名法警说,021、能让人快乐的东西，例如：烟，酒，都会损害寿命，那么是不是让人不快乐的东西就是生命本身呢？,002、人是铁饭是钢，食人族酋长望着逃走的俘虏恨铁不成钢, , ,041、孩子年纪轻轻就得了甲沟炎，走得很痛苦。, 
285, ,044、王医生通过约分成功将病人的血压从180/120降到了120/80,077、昨天出门的时候脚不小心踩到地球了，一直黏在我脚上怎么甩也甩不掉，好恶心,020、要断章取义——节选自《不要断章取义》,001、屎是米的尸体，尿是水的尸体，那么屑是什么？, , ,040、皇帝感叹道：“孤的胜，你们都看在眼里；孤的败。”然后就退朝了。, 
286, ,043、男子意外失去左臂后身残志坚靠右手判断洛伦兹力,075、我们的身体里藏着一具骷髅。,019、海伦凯勒的作品《仅三天可见》, , , ,039、小明做选择题时被题目整笑了，故选:D, 
287, ,042、熊孩子参观博物馆，脑袋卡在编钟里，消防队历尽千辛万苦敲碎后保住了编钟。,074、红萝卜说白了就是白萝卜,018、“死罪可免，活罪难逃！”<br>我被判决出生。<br>, , , ,038、“弱智吧有哪些著名的景观？”<br>“王警官。”, 
288, ,041、余忆童趣时，能欺杜甫老无力。,073、语文老师告诉我作文结尾最好要有升华，于是我在结尾写下了樟脑丸在柜子里变小的例子。,017、知名piano艺术家忘n负义, , , ,037、既然快递要3天才到，为什么不把所有的快递都提前3天发。, 
289, ,040、小王在雪地里用钻戒向女友求婚，真是雪中送碳,072、视力检查加入高考，学校家长纷纷让学生背诵视力表,016、一个合格的葬礼除了要埋葬已故的人的肉体，还要埋葬活着的人悲伤的情绪。, , , ,036、丈夫自称龙的传人，不料妻子竟生下个黑宝宝。做完亲子鉴定虚惊一场，原来是个乌龙。, 
290, ,039、这是图啥呢？斯大林指着检阅场上空的飞机问道,071、“我找到一样东西。”<br>“什么东西？”<br>“和你聊天的借口。”,015、“音乐不需要有太多人欣赏，我喜欢独品”。宋冬野如是说道。, , , ,035、交了一个漂亮地雷系女友，她给了我一个十万伏特之后告诉我应该用“的”。, 
291, ,038、爱国的小明为缩短日本人均寿命加入日本国籍后自杀,070、老师问同学文章的点睛之笔在哪行，同学们直呼内行,014、考古学家至今没有在古墓中发现塑料制品，说明古代已经发明了可降解塑料, , , ,034、小明吃饭忘记拿筷子，没用的东西。, 
292, ,037、不出意外的话，保险就白买了,069、熬夜的人是不是单纯的想拒绝第二天的到来呢？,013、“夸张了啊。”说罢，刘备开始细数三弟的优点。, , , ,033、浪漫的小明把求婚地点选在了两个人第一次的抛尸现场。, 
293, ,036、小王在老板面前夸下海口后，顺便还夸了下三亚。,068、“我是高中生”<br>“我是高中生”<br>“你不是高考完了吗？”<br>“我复读了”,012、司仪：你俩要是不结婚真的很难收场, , , ,032、间谍潜入美国总统办公室在桌板下面抹鼻屎。, 
294, ,035、吴京刷了几天五福却只能刷出爱国福,067、研究人员表明《流浪地球》有语病，应改为“流浪的球”。,011、喜欢偷偷按邻居门铃的小明见四下无人，按了第五下。, , , ,031、我和同桌都考了300分，和起来就是700。但是清华却错过了以一个700分录取两个人的超值机会。, 
295, ,034、食人族酋长因食用未煮透的人而怀疑人生,066、为了应对网友们“网抑云音乐”的嘲讽，网易云音乐决定把音乐的乐改成快乐的乐。,010、：你现在大概存了多少钱？<br>：50w<br>：卧槽？！真的吗？<br>：真的呀w, , , ,030、孩子还在长身体，棺材要买大一点。, 
296, ,033、睡觉是谁发明的？也太舒服了吧,065、你青春期三分之二的烦恼都来自父母，他们却试图帮你疏解烦恼。,009、突然猝死，可能是身体在向你求救！, , , ,029、女神劈头盖脸地骂道：“你就是只舔狗、弱鸡、癞蛤蟆、跟屁虫……”那一刻我大脑一片空白，只感觉冷冷的宾语在脸上胡乱地拍。, 
297, ,032、“谢邀。”明月对李白说。,064、找到我们广告跳过按钮的用户将奖励安装包一个,008、货车司机老刘连续开车开了三个月没有休息，老板安慰他说：“你别想不开”, , , ,028、房门隔音效果好差每次有人在外面敲门我都能听到。, 
298, ,031、被斩首的小明及时说出接头暗号顺利复活。,063、敬老院的新人都是老人，世界上的大人都是小人,007、老师：小明背一下26个字母<br>小明：AB<br>老师：怎么不继续说<br>小明：在等CD, , , ,027、登陆就送一百抽！美国南部海岸的码头工对运奴船喊道。, 
299, ,029、食人族带文学家称最优美的词句是“恰同学少年”,062、我把我的手表调快了一分钟，就这样遇到了本该错过的你。,006、“回头我给你涨工资”，说完老板头也不回地走了, , , ,026、舍友一周不洗澡，身上都臭了，是不是他还在生我上周砍了他一刀的气？, 
300, ,028、皮诺曹不停的说着“我才不要朋友”用长出来的鼻子做了许多小木偶人,061、观刈麦也叫杀死那个拾稼庄人。,005、我故意在凶器上留下了指纹，警察绝对想不到我是带着手套作案的。, , , ,025、老臣年迈，无法跪谢皇恩，只好新臣代谢。, 
301, ,027、反歧视？你这是歧视我们这种搞歧视的人,060、爱是两个人眼睛间不断来回反射的光,004、刚刚差点被车撞到还好捡回一条命，我现在有两条命了。, , , ,023、即使现场破乱不堪，名侦探仅凭回忆就还原了整个行凶过程。, 
302, ,026、我发现人在马桶上可以拉屎，把脑袋砍掉了不会，所以经过我的推断，人的脑袋里面有屎,059、“老鼠呢！？”<br>“这狗老鼠猫起来了”,003、我发现奥斯卡颁奖典礼是假的，我发现台下坐的大多数都是他们请来的演员。, , , ,022、从青龙山医院出来的那天，我听到路人嘟囔了一句：又进来一个。, 
303, ,025、通过作弊，小李思想品德获得了满分,058、“这tm是什么破歌啊！”<br>“茅屋为秋风所破歌”,002、小兰和新一结婚后，侦探事务所毛利率大幅下降, , , ,021、教各位出租车司机一个100%预测乘客目的地的方法：看到招手的一脚油门撞过去，他的目的地是医院。, 
304, ,024、“等于400！”震惊！小明仅用时2秒就打破男子4乘100记录,057、躺在床上第十八天的我突然泛起一阵恶心，原来是活腻了。,001、“兄弟们，签到了！”朝阳公安分局的夜班民警说。, , , ,020、古代人因为没有处理伤口感染的意识，被砍头的人很快就死了。, 
305, ,023、“不要再打了，我全招！”老板奄奄一息地望着应聘者们,056、年轻人注意了！身上出现这4种尸斑，是你的身体在对你发出警报！, , , , ,019、小时不识月，呼作地卫一。, 
306, ,022、战争不停的原因是和平鸽了,055、赵子龙七进七出长坂坡一共隔离了196天, , , , ,018、包子店老板问：要荤的吗？<br>想吃肉包子的我：素的。, 
307, ,020、大法官通过排除法，从而顺利当上大官。,054、停电了，我靠着不断发现身上的闪光点写完了作业。, , , , ,017、地球上有70%的海洋和30%的陆地，那么剩下的30%海洋和70%的陆地去哪了？, 
308, ,019、失败是成功之母，一上来就成功的都是孤儿！,053、老王一怒之下气死了。死神又让他活了过来，因为离魂需要冷静期, , , , ,016、刘备被称赞爱民如子，将围观群众挨个摔倒在地。, 
309, ,018、特洛伊人：希腊人来送🐴了,052、小红：请用“各奔东西”造句。小明：你个笨东西。, , , , ,015、周朝比夏朝晚了五百年是因为有中间商。, 
310, ,017、小明把卫生纸玩弄于股掌之间,051、1010年前竟然是1010年, , , , ,013、现在的学历歧视太严重了，我说我对象在上小学一堆人骂我。, 
311, ,016、太阳在晒你的同时，你也在晒太阳,050、生鱼片是死鱼片。, , , , ,012、“你日后要是惹出祸来，师父的名字就不要提了。”菩祖师对孙悟空说。, 
312, ,015、为了让自己文雅一些，拉面改名叫方便面,049、“这是心脏，这是肺，这是肝，这是楚雨荨”, , , , ,011、判断男人性取向很简单，从肛门的大小来看无非是大同小异。, 
313, ,014、算命的说我22岁之后要多少钱就有多少钱，现在我身上有15元8角，因为今天我只要到这么多。,048、男同敢出柜但是直男却不敢，说明男同更爷们儿一些。, , , , ,010、变形金刚寂寞了会上网约车吗？, 
314, ,013、早生贵子听起来像一个女日本人的名字,047、霍金失去物理学奖评选资格，理由是体测不达标。, , , , ,009、正方辩题：白色不可以作为字体的颜色。<br>反方辩题：, 
315, ,012、格陵兰岛被美国收购，瘟疫公司难度下降2级。,046、我国有几十所985院校，美国连一所都没有，由此可见，我国的教育水平已经远远超过了美国, , , , ,008、专家研究发现，高质量的睡眠可以大幅提升车祸的概率。, 
316, ,011、出门打架如果派出所有人，那就不需要派出所有人,045、“我造啊，浆纸对不对”蔡伦说道。, , , , ,007、谈判专家喊话询问被歹徒绑架的人质数是多少，不久后听到回应：“2，3，5，7，11……”, 
317, ,009、没有一片雪花是无辜的，王老汉指着没信号的电视说到,044、考生失联三天，最终在题目中的陷阱里被发现, , , , ,006、本店使用高温灭菌工艺，服务员向点了蘑菇汤的顾客解释端上来的白开水。, 
318, ,008、死有什么好怕的，死之前还没有死，死之后就没法怕,043、欲把西湖比西子，约分得到湖比子, , , , ,005、死刑犯没有吃最后一顿饭，因为他坚信少吃一顿不会死。, 
319, ,007、去掉一个最高温，去掉一个最低温，今天的天气预报播送完了,042、“爷是真的服了。”医院里，王爷爷面对医生对按时服药的质疑如是说道。, , , , ,004、同样的一个杯子，乐观主义者能看到里面还有半杯水，而盲人却看不到。, 
320, ,006、“小屁孩，这是什么法术法力这么高？”<br>“呵呵，这是未成年人保护法。”,041、“别羡慕别人的人生，是你自己要吃十分熟的！”食人族妈妈教育小朋友道。, , , , ,003、经过法医现场判断，死者是他杀的，警方于是迅速控制了法医。, 
321, ,005、公鸡是鸭子吗,040、白骨精一边剔牙一边向孙悟空辩解道：“不会吧不会吧这也要怪我？圈起来的不都是要烤的吗？”, , , , ,002、狐假虎威就是爽，我提着领导的头出门，大家看到都吓跑了。, 
322, ,004、王老汉愤怒地打开水龙头，因为开水龙头烫着他了。,039、我要是有钱了，就把“要是”两个字去掉。, , , , ,001、我市惊现无名男尸，王警官立刻发布悬赏帮他起个名字。, 
323, ,003、在发现我没有道德后，对方放弃了道德绑架,038、我们都以为是雨滴落向地面，其实是我们坠入天空。, , , , , , 
324, ,002、烽火连三月，褒姒笑成了一个憨丨批,037、“非线性叙事结构是什么？”<br>老师叫醒了小王，<br>问了他一个问题：, , , , , , 
325, ,001、“丢死人了！”王老汉一边喊着一边把尸体扔下了楼。,036、小明不小心摔散了拼了很久的乐高：“我哭了，我装的”, , , , , , 
326, ,030、智商税的设计太不合理，智商越高反而交得越少，从根本意义上就是对弱智的剥削,035、王警官蹲在地上仔细查看血迹，沉默良久之后，突然说道：“腿麻了。”, , , , , , 
327, ,108、为什么人从高处掉下来都会大叫？因为这是坠吼的,034、《月经》<br>一月、二月、三月、四月、五月、六月<br>七月、八月、九月、十月、十一月、十二月, , , , , , 
328, , ,033、娘在汉语中有妈的意思，你没有妈的意思, , , , , , 
329, , ,032、死者为大，傻逼死了变成大傻逼, , , , , , 
330, , ,031、我租下了世界直到我将死去的那天, , , , , , 
331, , ,030、有个东西四个字，有时候有三个字，但是从来没有五个字。, , , , , , 
332, , ,029、重义轻利的反义词是不是小意大利？, , , , , , 
333, , ,028、我用过期的车票坐上了昨天的火车, , , , , , 
334, , ,026、什么地方阴气最重？<br>钢琴和邮箱，因为“钢琴住了几个妖、邮箱住了几个魔”, , , , , , 
335, , ,025、无底洞，说到底就是有底洞，说穿了它又是无底洞, , , , , , 
336, , ,024、国骂从CNM演变到NMSL，人口基数也就下来了, , , , , , 
337, , ,023、我们可以把氧化还原反应叫做电子竞技, , , , , , 
338, , ,022、宿舍停水了，舍友用我的论文洗完了澡。, , , , , , 
339, , ,021、唯物论，永远滴神！, , , , , , 
340, , ,020、“什么是蝴蝶效应？”<br>“就是指一只南美洲的蝴蝶扇动翅膀，最终导致你在这两句毫无意义的对话上浪费了10秒钟时间。”, , , , , , 
341, , ,027、🐱A：你主人给你做绝育了没<br>🐱B：妈的，绝了, , , , , , 
342, , ,019、考生进场前发现忘带准考证民警五分钟内为其联系好工地, , , , , , 
343, , ,018、答题卡这个名字太不吉利了，建议改成答题顺, , , , , , 
344, , ,017、坐公交缺了一块，司机叫我滚蛋。夜空也缺了一块，你们却管她叫月亮？, , , , , , 
345, , ,016、玩家：“为什么我打游戏没有伤害？”<br>制作商：“没有买卖就没有伤害。”, , , , , , 
346, , ,015、两盏声控灯我一语双关。, , , , , , 
347, , ,014、“说叠字的男生也太可爱了吧。”<br>“我是你叠。”, , , , , , 
348, , ,013、捡到一束光，日落时还给太阳。, , , , , , 
349, , ,012、吸血鬼当众痛斥太阳，媒体报道称观测到太阳黑子。, , , , , , 
350, , ,011、月亮——摘自《夜空》, , , , , , 
351, , ,010、“我还是决定跟你分手。我们就此道个别吧。”<br>“别吧。”, , , , , , 
352, , ,009、历史都是由胜利者书写的，所以二战获胜方是人民教育出版社, , , , , , 
353, , ,008、>海棠，>吃<，<吃？, , , , , , 
354, , ,007、“他的伤势怎么样了？！”<br>“你先不要着急，验尸结果还没出来呢。”, , , , , , 
355, , ,006、有谣言说我喜欢你，我在这里澄清一下，我是石灰水。, , , , , , 
356, , ,005、弱酸的本质是酸，<br>弱碱的本质是碱，<br>由此可推弱智的本质是智，<br>弱智吧日常就是智慧日常，<br>在座各位都是智人。, , , , , , 
357, , ,004、同学们，这节地理课我们来学习澳大利亚，我们都知道澳大利亚的畜牧业发达，那大家知道澳大利亚的主要牲畜是什么吗？”<br>“澳大利亚军人。”, , , , , , 
358, , ,003、“不会吧！不会吧？不会吧？”葛军编写数学高考卷子时兴奋地大喊道。, , , , , , 
359, , ,002、雨天，我走进水坑里，不小心踩碎了天空。, , , , , , 
360, , ,001、四川人至死不渝，重庆人乐不思蜀。, , , , , , 
